slug,words,quick_facts,faq_items,decision,reason,junk,split_into,preexisting_noindex,has_auto_noindex
writers,10230,0,0,keep,category hub,False,,False,False
pastors,6405,0,0,keep,category hub,False,,False,False
journalists,4368,0,0,keep,category hub,False,,False,False
theologians-scholars,3885,0,0,keep,category hub,False,,False,False
ministry-leaders,1303,0,0,keep,category hub,False,,False,False
john-piper,590,7,7,keep,590w + quick facts + faq,False,,False,False
bible-teachers,572,0,0,keep,category hub,False,,False,False
john-mark-comer,556,7,7,keep,556w + quick facts + faq,False,,False,False
doug-wilson,535,7,7,keep,535w + quick facts + faq,False,,False,False
preston-sprinkle,511,7,7,keep,511w + quick facts + faq,False,,False,False
wayne-grudem,508,7,7,keep,508w + quick facts + faq,False,,False,False
r-albert-mohler,499,7,7,keep,499w + quick facts + faq,False,,False,False
kevin-deyoung,482,7,6,keep,482w + quick facts + faq,False,,False,False
john-lennox,481,6,6,keep,481w + quick facts + faq,False,,False,False
carl-trueman,471,7,6,keep,471w + quick facts + faq,False,,False,False
os-guinness,471,6,6,keep,471w + quick facts + faq,False,,False,False
michael-gorman,459,7,6,keep,459w + quick facts + faq,False,,False,False
sinclair-ferguson,455,7,6,keep,455w + quick facts + faq,False,,False,False
thomas-jay-oord,451,7,6,keep,451w + quick facts + faq,False,,False,False
paul-david-tripp,448,7,6,keep,448w + quick facts + faq,False,,False,False
clark-pinnock,444,6,6,keep,444w + quick facts + faq,False,,False,False
o-palmer-robertson,442,7,6,keep,442w + quick facts + faq,False,,False,False
andy-crouch,441,7,6,keep,441w + quick facts + faq,False,,False,False
brian-mclaren,441,7,6,keep,441w + quick facts + faq,False,,False,False
kay-warren,438,7,6,keep,438w + quick facts + faq,False,,False,False
melissa-kruger,437,7,6,keep,437w + quick facts + faq,False,,False,False
michael-horton,437,7,6,keep,437w + quick facts + faq,False,,False,False
roger-olson,431,7,6,keep,431w + quick facts + faq,False,,False,False
joel-green,430,7,5,keep,430w + quick facts + faq,False,,False,False
jonathan-leeman,430,7,6,keep,430w + quick facts + faq,False,,False,False
alister-mcgrath,414,7,6,keep,414w + quick facts + faq,False,,False,False
andrew-wilson,413,7,6,keep,413w + quick facts + faq,False,,False,False
r-c-sproul,395,6,6,skip,hand-placed robots tag already on page,False,,True,False
ruth-haley-barton,387,7,6,keep,387w + quick facts + faq,False,,False,False
timothy-paul-jones,387,7,6,keep,387w + quick facts + faq,False,,False,False
apologists,355,0,0,keep,category hub,False,,False,False
sean-mcdowell,355,6,6,keep,355w + quick facts + faq,False,,False,False
j-a-medders,350,7,5,keep,350w + quick facts + faq,False,,False,False
david-e-sanger,339,5,5,noindex,override: force noindex,False,,False,False
reem-nadeem,326,5,5,noindex,override: force noindex,False,,False,False
mathew-santhosh-thomas,312,6,5,keep,312w + quick facts + faq,False,,False,False
alex-harris,299,6,6,keep,299w + quick facts + faq,False,,False,False
david-garner,299,7,5,keep,299w + quick facts + faq,False,,False,False
chris-brauns,297,6,5,keep,297w + quick facts + faq,False,,False,False
katy-carl,293,7,5,keep,293w + quick facts + faq,False,,False,False
justin-n-poythress,288,7,5,keep,288w + quick facts + faq,False,,False,False
speakers-creators,272,0,0,keep,category hub,False,,False,False
motoko-rich,269,5,5,noindex,override: force noindex,False,,False,False
mere-orthodoxy,266,6,5,keep,266w + quick facts + faq,False,,False,False
tim-challies,266,0,0,noindex,no quick facts; no faq,False,,False,False
blake-long,263,7,5,keep,263w + quick facts + faq,False,,False,False
tim-keller,262,0,0,noindex,no quick facts; no faq,False,,False,False
randy-alcorn,261,0,0,noindex,no quick facts; no faq,False,,False,False
ben-hubbard,245,5,5,noindex,override: force noindex,False,,False,False
john-starke,244,6,5,keep,244w + quick facts + faq,False,,False,False
paul-tripp,244,0,0,noindex,no quick facts; no faq,False,,False,False
roque-planas-and-agencies,240,5,5,noindex,junk byline slug,True,,False,False
marshall-segal,237,0,0,noindex,no quick facts; no faq,False,,False,False
david-m-halbfinger,236,5,5,noindex,override: force noindex,False,,False,False
amelia-nierenberg-and-matthew-mpoke-bigg,235,5,5,noindex,junk byline slug,True,,False,False
elisabetta-povoledo,232,5,5,noindex,override: force noindex,False,,False,False
rc-sproul,231,0,0,noindex,no quick facts; no faq,False,,False,False
jen-wilkin,227,0,0,noindex,no quick facts; no faq,False,,False,False
jay-adams,223,0,0,noindex,no quick facts; no faq,False,,False,False
john-macarthur,221,0,0,noindex,no quick facts; no faq,False,,False,False
collin-hansen,219,0,0,noindex,no quick facts; no faq,False,,False,False
d-a-carson,219,0,0,noindex,no quick facts; no faq,False,,False,False
brett-mccracken,217,0,0,noindex,no quick facts; no faq,False,,False,False
n-t-wright,217,0,0,noindex,no quick facts; no faq,False,,False,False
william-lane-craig,217,0,0,noindex,no quick facts; no faq,False,,False,False
trevin-wax,215,0,0,noindex,no quick facts; no faq,False,,False,False
louis-markos,214,0,0,noindex,no quick facts; no faq,False,,False,False
robert-webber,214,0,0,noindex,no quick facts; no faq,False,,False,False
alan-hirsch,212,0,0,noindex,no quick facts; no faq,False,,False,False
soong-chan-rah,212,0,0,noindex,no quick facts; no faq,False,,False,False
cornelius-plantinga,211,0,0,noindex,no quick facts; no faq,False,,False,False
aaron-boxerman,209,5,5,noindex,override: force noindex,False,,False,False
don-carson,209,0,0,noindex,no quick facts; no faq,False,,False,False
greg-boyd,209,0,0,noindex,no quick facts; no faq,False,,False,False
catie-edmondson,208,5,5,noindex,override: force noindex,False,,False,False
robert-letham,207,0,0,noindex,no quick facts; no faq,False,,False,False
ed-welch,205,0,0,noindex,no quick facts; no faq,False,,False,False
david-powlison,204,0,0,noindex,no quick facts; no faq,False,,False,False
james-k-a-smith,204,0,0,noindex,no quick facts; no faq,False,,False,False
joni-eareckson-tada,204,0,0,noindex,no quick facts; no faq,False,,False,False
thomas-schreiner,204,0,0,noindex,no quick facts; no faq,False,,False,False
diane-langberg,203,0,0,noindex,no quick facts; no faq,False,,False,False
david-platt,202,0,0,noindex,no quick facts; no faq,False,,False,False
alvin-plantinga,201,0,0,noindex,no quick facts; no faq,False,,False,False
darryl-dash,201,0,0,noindex,no quick facts; no faq,False,,False,False
richard-foster,201,0,0,noindex,no quick facts; no faq,False,,False,False
eugene-peterson,200,0,0,noindex,no quick facts; no faq,False,,False,False
relevant-staff,200,0,0,noindex,no quick facts; no faq,False,,False,False
rosaria-butterfield,200,0,0,noindex,no quick facts; no faq,False,,False,False
andy-stanley,198,0,0,noindex,198w < 200; no quick facts; no faq,False,,False,False
kevin-vanhoozer,197,0,0,noindex,197w < 200; no quick facts; no faq,False,,False,False
lou-priolo,197,0,0,noindex,197w < 200; no quick facts; no faq,False,,False,False
michael-kelley,197,0,0,noindex,197w < 200; no quick facts; no faq,False,,False,False
courtney-doctor,195,3,2,noindex,195w < 200,False,,False,False
bill-hybels,194,0,0,noindex,194w < 200; no quick facts; no faq,False,,False,False
ken-sande,194,0,0,noindex,194w < 200; no quick facts; no faq,False,,False,False
darrell-cole,193,0,0,noindex,193w < 200; no quick facts; no faq,False,,False,False
everett-worthington,193,0,0,noindex,193w < 200; no quick facts; no faq,False,,False,False
ligon-duncan,193,0,0,noindex,193w < 200; no quick facts; no faq,False,,False,False
michael-j-kruger,193,3,2,noindex,193w < 200,False,,False,False
r-t-kendall,193,0,0,noindex,193w < 200; no quick facts; no faq,False,,False,False
rick-warren,193,0,0,noindex,193w < 200; no quick facts; no faq,False,,False,False
douglas-farrow,192,0,0,noindex,192w < 200; no quick facts; no faq,False,,False,False
emily-brown,192,0,0,noindex,192w < 200; no quick facts; no faq,False,,False,False
jay-stringer,192,0,0,noindex,192w < 200; no quick facts; no faq,False,,False,False
dallas-willard,190,0,0,noindex,190w < 200; no quick facts; no faq,False,,False,False
david-vandrunen,190,0,0,noindex,190w < 200; no quick facts; no faq,False,,False,False
thabiti-anyabwile,190,0,0,noindex,190w < 200; no quick facts; no faq,False,,False,False
voddie-baucham,190,0,0,noindex,190w < 200; no quick facts; no faq,False,,False,False
john-frame,189,0,0,noindex,189w < 200; no quick facts; no faq,False,,False,False
matthew-stanford,189,0,0,noindex,189w < 200; no quick facts; no faq,False,,False,False
stanley-hauerwas,189,0,0,noindex,189w < 200; no quick facts; no faq,False,,False,False
sam-allberry,188,0,0,noindex,188w < 200; no quick facts; no faq,False,,False,False
j-i-packer,187,0,0,noindex,187w < 200; no quick facts; no faq,False,,False,False
heath-lambert,185,0,0,noindex,185w < 200; no quick facts; no faq,False,,False,False
michael-brown,185,0,0,noindex,185w < 200; no quick facts; no faq,False,,False,False
denny-burk,184,0,0,noindex,184w < 200; no quick facts; no faq,False,,False,False
rebecca-mclaughlin,184,0,0,noindex,184w < 200; no quick facts; no faq,False,,False,False
trillia-newbell,184,0,0,noindex,184w < 200; no quick facts; no faq,False,,False,False
derek-rishmawy,183,0,0,noindex,183w < 200; no quick facts; no faq,False,,False,False
miroslav-volf,183,0,0,noindex,183w < 200; no quick facts; no faq,False,,False,False
r-scott-clark,183,0,0,noindex,183w < 200; no quick facts; no faq,False,,False,False
russell-moore,183,0,0,noindex,183w < 200; no quick facts; no faq,False,,False,False
curt-thompson,182,0,0,noindex,182w < 200; no quick facts; no faq,False,,False,False
mark-mcminn,182,0,0,noindex,182w < 200; no quick facts; no faq,False,,False,False
aaron-garriott,181,3,2,noindex,181w < 200,False,,False,False
sam-storms,181,0,0,noindex,181w < 200; no quick facts; no faq,False,,False,False
brian-croft,180,0,0,noindex,180w < 200; no quick facts; no faq,False,,False,False
john-stott,179,0,0,noindex,179w < 200; no quick facts; no faq,False,,False,False
mark-dever,179,0,0,noindex,179w < 200; no quick facts; no faq,False,,False,False
reggie-joiner,178,0,0,noindex,178w < 200; no quick facts; no faq,False,,False,False
john-baker,177,0,0,noindex,177w < 200; no quick facts; no faq,False,,False,False
kim-riddlebarger,177,0,0,noindex,177w < 200; no quick facts; no faq,False,,False,False
michael-mock,177,0,0,noindex,177w < 200; no quick facts; no faq,False,,False,False
rob-plummer,177,0,0,noindex,177w < 200; no quick facts; no faq,False,,False,False
francis-chan,176,0,0,noindex,176w < 200; no quick facts; no faq,False,,False,False
r-kent-hughes,176,0,0,noindex,176w < 200; no quick facts; no faq,False,,False,False
tish-harrison-warren,176,0,0,noindex,176w < 200; no quick facts; no faq,False,,False,False
david-mathis,175,0,0,noindex,175w < 200; no quick facts; no faq,False,,False,False
kent-dunnington,174,0,0,noindex,174w < 200; no quick facts; no faq,False,,False,False
mark-shaw,174,0,0,noindex,174w < 200; no quick facts; no faq,False,,False,False
christopher-yuan,173,0,0,noindex,173w < 200; no quick facts; no faq,False,,False,False
ji-packer,172,3,2,noindex,172w < 200,False,,False,False
keegan-martin,172,0,0,noindex,172w < 200; no quick facts; no faq,False,,False,False
matt-smethurst,172,0,0,noindex,172w < 200; no quick facts; no faq,False,,False,False
walter-strickland,172,0,0,noindex,172w < 200; no quick facts; no faq,False,,False,False
christy-smith,171,0,0,noindex,171w < 200; no quick facts; no faq,False,,False,False
john-owen,171,0,0,noindex,171w < 200; no quick facts; no faq,False,,False,False
matthew-vines,171,0,0,noindex,171w < 200; no quick facts; no faq,False,,False,False
megan-hill,171,0,0,noindex,171w < 200; no quick facts; no faq,False,,False,False
nancy-guthrie,171,0,0,noindex,171w < 200; no quick facts; no faq,False,,False,False
danson-ottawa,170,3,2,noindex,170w < 200,False,,False,False
jonathan-dodson,170,0,0,noindex,170w < 200; no quick facts; no faq,False,,False,False
taylor-berry,169,0,0,noindex,169w < 200; no quick facts; no faq,False,,False,False
andrew-kern,167,0,0,noindex,167w < 200; no quick facts; no faq,False,,False,False
aaron-m-renn,166,0,0,noindex,166w < 200; no quick facts; no faq,False,,False,False
tony-arsenal,166,0,0,noindex,166w < 200; no quick facts; no faq,False,,False,False
george-grant,165,0,0,noindex,165w < 200; no quick facts; no faq,False,,False,False
haleluya-hadero,165,0,0,noindex,165w < 200; no quick facts; no faq,False,,False,False
jared-kennedy,165,0,0,noindex,165w < 200; no quick facts; no faq,False,,False,False
nadya-williams,165,0,0,noindex,165w < 200; no quick facts; no faq,False,,False,False
gavin-ortlund,164,3,2,noindex,164w < 200,False,,False,False
kevin-palau,164,0,0,noindex,164w < 200; no quick facts; no faq,False,,False,False
rachel-gilson,164,0,0,noindex,164w < 200; no quick facts; no faq,False,,False,False
scott-hubbard,164,0,0,noindex,164w < 200; no quick facts; no faq,False,,False,False
bonnie-kristian,163,0,0,noindex,163w < 200; no quick facts; no faq,False,,False,False
daniel-r-hyde,163,0,0,noindex,163w < 200; no quick facts; no faq,False,,False,False
joe-carter,162,0,0,noindex,162w < 200; no quick facts; no faq,False,,False,False
jeri-choi,161,3,2,noindex,161w < 200,False,,False,False
kara-bettis-carvalho,161,0,0,noindex,161w < 200; no quick facts; no faq,False,,False,False
max-lucado,161,3,2,noindex,161w < 200,False,,False,False
relevant,161,3,2,noindex,161w < 200,False,,False,False
jackie-hill-perry,159,3,2,noindex,159w < 200,False,,False,False
julie-smyth,159,3,2,noindex,159w < 200,False,,False,False
kate-lucky,159,3,2,noindex,159w < 200,False,,False,False
john-ortberg,158,0,0,noindex,158w < 200; no quick facts; no faq,False,,False,False
clinton-manley,157,3,2,noindex,157w < 200,False,,False,False
elise-brandon,157,3,2,noindex,157w < 200,False,,False,False
guy-prentiss-waters,156,0,0,noindex,156w < 200; no quick facts; no faq,False,,False,False
jack-deere,156,0,0,noindex,156w < 200; no quick facts; no faq,False,,False,False
john-v-fesko,156,3,2,noindex,156w < 200,False,,False,False
richard-baxter,156,3,2,noindex,156w < 200,False,,False,False
vaneetha-rendall-risner,156,0,0,noindex,156w < 200; no quick facts; no faq,False,,False,False
jared-moore,154,3,2,noindex,154w < 200,False,,False,False
scott-aniol,154,3,2,noindex,154w < 200,False,,False,False
andrew-walker,153,0,0,noindex,153w < 200; no quick facts; no faq,False,,False,False
kelly-m-kapic,153,0,0,noindex,153w < 200; no quick facts; no faq,False,,False,False
mark-vroegop,153,0,0,noindex,153w < 200; no quick facts; no faq,False,,False,False
richard-blackaby,153,0,0,noindex,153w < 200; no quick facts; no faq,False,,False,False
sarah-eekhoff-zylstra,153,0,0,noindex,153w < 200; no quick facts; no faq,False,,False,False
andreas-kostenberger,152,0,0,noindex,152w < 200; no quick facts; no faq,False,,False,False
arla-eicher,152,0,0,noindex,152w < 200; no quick facts; no faq,False,,False,False
don-whitney,151,0,0,noindex,151w < 200; no quick facts; no faq,False,,False,False
greg-morse,151,0,0,noindex,151w < 200; no quick facts; no faq,False,,False,False
michael-hidalgo,151,0,0,noindex,151w < 200; no quick facts; no faq,False,,False,False
wyatt-graham,151,3,2,noindex,151w < 200,False,,False,False
kendall-lankford,150,3,2,noindex,150w < 200,False,,False,False
stephen-kneale,150,0,0,noindex,150w < 200; no quick facts; no faq,False,,False,False
william-conley,150,0,0,noindex,150w < 200; no quick facts; no faq,False,,False,False
chris-watkin,149,0,0,noindex,149w < 200; no quick facts; no faq,False,,False,False
daniel-darling,149,0,0,noindex,149w < 200; no quick facts; no faq,False,,False,False
jacob-crouch,149,3,2,noindex,149w < 200,False,,False,False
jim-newheiser,149,0,0,noindex,149w < 200; no quick facts; no faq,False,,False,False
ashley-hales,148,0,0,noindex,148w < 200; no quick facts; no faq,False,,False,False
campbell-markham,148,0,0,noindex,148w < 200; no quick facts; no faq,False,,False,False
j-d-greear,148,0,0,noindex,148w < 200; no quick facts; no faq,False,,False,False
scott-klusendorf,148,0,0,noindex,148w < 200; no quick facts; no faq,False,,False,False
david-huffstutler,147,3,2,noindex,147w < 200,False,,False,False
elizabeth-russell,147,0,0,noindex,147w < 200; no quick facts; no faq,False,,False,False
wendy-alsup,147,0,0,noindex,147w < 200; no quick facts; no faq,False,,False,False
jen-oshman,146,0,0,noindex,146w < 200; no quick facts; no faq,False,,False,False
samuel-d-james,146,0,0,noindex,146w < 200; no quick facts; no faq,False,,False,False
travis-kircher,146,3,2,noindex,146w < 200,False,,False,False
angela-fulton,145,0,0,noindex,145w < 200; no quick facts; no faq,False,,False,False
haley-byrd-wilt,145,0,0,noindex,145w < 200; no quick facts; no faq,False,,False,False
mark-jones,145,0,0,noindex,145w < 200; no quick facts; no faq,False,,False,False
iain-duguid,144,0,0,noindex,144w < 200; no quick facts; no faq,False,,False,False
john-taylor,144,0,0,noindex,144w < 200; no quick facts; no faq,False,,False,False
laura-story,144,3,2,noindex,144w < 200,False,,False,False
scott-rae,144,0,0,noindex,144w < 200; no quick facts; no faq,False,,False,False
chris-allen,143,3,2,noindex,143w < 200,False,,False,False
cody-benjamin,143,0,0,noindex,143w < 200; no quick facts; no faq,False,,False,False
dv-rider,143,0,0,noindex,143w < 200; no quick facts; no faq,False,,False,False
jake-meador,143,0,0,noindex,143w < 200; no quick facts; no faq,False,,False,False
jillian-parks,143,0,0,noindex,143w < 200; no quick facts; no faq,False,,False,False
walt-mueller,143,0,0,noindex,143w < 200; no quick facts; no faq,False,,False,False
christina-grube,142,3,2,noindex,142w < 200,False,,False,False
jonathan-edwards,142,3,2,noindex,142w < 200,False,,False,False
kathleen-nielson,142,0,0,noindex,142w < 200; no quick facts; no faq,False,,False,False
gene-edward-veith,141,0,0,noindex,141w < 200; no quick facts; no faq,False,,False,False
guy-waters,141,0,0,noindex,141w < 200; no quick facts; no faq,False,,False,False
jonathan-malm,141,0,0,noindex,141w < 200; no quick facts; no faq,False,,False,False
keith-mathison,141,0,0,noindex,141w < 200; no quick facts; no faq,False,,False,False
michael-keller,141,3,2,noindex,141w < 200,False,,False,False
peter-rosenberger,141,0,0,noindex,141w < 200; no quick facts; no faq,False,,False,False
stephen-witmer,141,0,0,noindex,141w < 200; no quick facts; no faq,False,,False,False
andrew-spencer,140,0,0,noindex,140w < 200; no quick facts; no faq,False,,False,False
costi-hinn,140,3,2,noindex,140w < 200,False,,False,False
noah-senthil,140,0,0,noindex,140w < 200; no quick facts; no faq,False,,False,False
annie-eisner,139,0,0,noindex,139w < 200; no quick facts; no faq,False,,False,False
john-stonestreet-and-thaddeus-williams,139,3,2,noindex,139w < 200,False,,False,False
zachary-conover,139,3,2,noindex,139w < 200,False,,False,False
cory-brock,138,0,0,noindex,138w < 200; no quick facts; no faq,False,,False,False
joel-c-rosenberg,138,0,0,noindex,138w < 200; no quick facts; no faq,False,,False,False
mia-staub,138,3,2,noindex,138w < 200,False,,False,False
paul-helm,138,0,0,noindex,138w < 200; no quick facts; no faq,False,,False,False
pete-hurst,138,3,2,noindex,138w < 200,False,,False,False
rob-ventura,138,0,0,noindex,138w < 200; no quick facts; no faq,False,,False,False
fm-ai,137,0,0,noindex,junk byline slug,True,,False,False
kathy-keller,137,0,0,noindex,137w < 200; no quick facts; no faq,False,,False,False
tedd-tripp,137,0,0,noindex,137w < 200; no quick facts; no faq,False,,False,False
walter-brueggemann,137,0,0,noindex,137w < 200; no quick facts; no faq,False,,False,False
benjamin-l-gladd,136,0,0,noindex,136w < 200; no quick facts; no faq,False,,False,False
betsy-childs-howard,136,0,0,noindex,136w < 200; no quick facts; no faq,False,,False,False
daniel-hyde,136,3,2,noindex,136w < 200,False,,False,False
graham-tomlin,136,3,2,noindex,136w < 200,False,,False,False
stephen-driscoll,136,3,2,noindex,136w < 200,False,,False,False
jonathan-wilson-hartgrove,135,0,0,noindex,135w < 200; no quick facts; no faq,False,,False,False
kristen-wetherell,135,3,2,noindex,135w < 200,False,,False,False
paul-ritchie,135,3,2,noindex,135w < 200,False,,False,False
robert-vandoodewaard,135,0,0,noindex,135w < 200; no quick facts; no faq,False,,False,False
tom-sugimura,135,3,2,noindex,135w < 200,False,,False,False
allen-c-guelzo,134,0,0,noindex,134w < 200; no quick facts; no faq,False,,False,False
john-stonestreet-and-s-michael-craven,134,3,2,noindex,134w < 200,False,john-stonestreet|s-michael-craven,False,False
michael-porter,134,0,0,noindex,134w < 200; no quick facts; no faq,False,,False,False
sara-hagerty,134,0,0,noindex,134w < 200; no quick facts; no faq,False,,False,False
caleb-davis,133,3,2,noindex,133w < 200,False,,False,False
jim-elliff,133,0,0,noindex,133w < 200; no quick facts; no faq,False,,False,False
kevin-schaal,133,3,2,noindex,133w < 200,False,,False,False
pj-dunn,133,3,2,noindex,133w < 200,False,,False,False
bobby-jamieson,132,0,0,noindex,132w < 200; no quick facts; no faq,False,,False,False
german-saucedo,132,0,0,noindex,132w < 200; no quick facts; no faq,False,,False,False
j-alasdair-groves,132,3,2,noindex,132w < 200,False,,False,False
james-spiegel,132,3,2,noindex,132w < 200,False,,False,False
tony-reinke,132,0,0,noindex,132w < 200; no quick facts; no faq,False,,False,False
clarissa-moll,131,0,0,noindex,131w < 200; no quick facts; no faq,False,,False,False
daniel-stevens,131,3,2,noindex,131w < 200,False,,False,False
gabriel-ne-fluhrer,131,3,2,noindex,131w < 200,False,,False,False
joshua-budimlic,131,3,2,noindex,131w < 200,False,,False,False
kevin-j-vanhoozer,131,3,2,noindex,131w < 200,False,,False,False
o-alan-noble,131,0,0,skip,hand-placed robots tag already on page,False,,True,False
w-robert-godfrey,131,0,0,noindex,131w < 200; no quick facts; no faq,False,,False,False
brandon-d-crowe,130,0,0,noindex,130w < 200; no quick facts; no faq,False,,False,False
brian-rosner,130,0,0,noindex,130w < 200; no quick facts; no faq,False,,False,False
kyle-worley,130,0,0,noindex,130w < 200; no quick facts; no faq,False,,False,False
michael-frost,130,0,0,noindex,130w < 200; no quick facts; no faq,False,,False,False
michael-g-brown,130,3,2,noindex,130w < 200,False,,False,False
ryan-currie,130,3,2,noindex,130w < 200,False,,False,False
sharon-james,130,3,2,noindex,130w < 200,False,,False,False
bill-elliff,129,0,0,noindex,129w < 200; no quick facts; no faq,False,,False,False
leland-ryken,129,0,0,noindex,129w < 200; no quick facts; no faq,False,,False,False
jon-coombs,128,3,2,noindex,128w < 200,False,,False,False
william-barcley,128,3,2,noindex,128w < 200,False,,False,False
allen-d-hertzke,127,0,0,noindex,127w < 200; no quick facts; no faq,False,,False,False
davy-ellison,127,3,2,noindex,127w < 200,False,,False,False
paul-howard,127,3,2,noindex,127w < 200,False,,False,False
peter-mead,127,0,0,noindex,127w < 200; no quick facts; no faq,False,,False,False
scott-james,127,0,0,noindex,127w < 200; no quick facts; no faq,False,,False,False
cliff-mcmanis,126,0,0,noindex,126w < 200; no quick facts; no faq,False,,False,False
erik-raymond,126,3,2,noindex,126w < 200,False,,False,False
harvest-prude,126,3,2,noindex,126w < 200,False,,False,False
kristin-kobes-du-mez,126,0,0,noindex,126w < 200; no quick facts; no faq,False,,False,False
malcolm-guite,126,0,0,noindex,126w < 200; no quick facts; no faq,False,,False,False
rachel-culver,126,3,2,noindex,126w < 200,False,,False,False
scott-yenor,126,0,0,noindex,126w < 200; no quick facts; no faq,False,,False,False
brian-tabb,125,0,0,noindex,125w < 200; no quick facts; no faq,False,,False,False
dan-perkins,125,0,0,noindex,125w < 200; no quick facts; no faq,False,,False,False
gillis-harp,125,0,0,noindex,125w < 200; no quick facts; no faq,False,,False,False
mike-sabo,125,0,0,noindex,125w < 200; no quick facts; no faq,False,,False,False
alex-diprima,124,3,2,noindex,124w < 200,False,,False,False
brian-smith,124,3,2,noindex,124w < 200,False,,False,False
cameron-shaffer,124,0,0,noindex,124w < 200; no quick facts; no faq,False,,False,False
gerrit-scott-dawson,124,3,2,noindex,124w < 200,False,,False,False
john-samson,124,3,2,noindex,124w < 200,False,,False,False
katie-deckert,124,3,2,noindex,124w < 200,False,,False,False
andrew-davis,123,0,0,noindex,123w < 200; no quick facts; no faq,False,,False,False
emily-jensen,123,0,0,noindex,123w < 200; no quick facts; no faq,False,,False,False
john-beeson,123,3,2,noindex,123w < 200,False,,False,False
r-albert-mohler-jr,123,0,0,noindex,123w < 200; no quick facts; no faq,False,,False,False
rich-bitterman,123,3,2,noindex,123w < 200,False,,False,False
sarah-ivill,123,3,2,noindex,123w < 200,False,,False,False
wesley-hill,123,0,0,noindex,123w < 200; no quick facts; no faq,False,,False,False
jon-nielson,122,3,2,noindex,122w < 200,False,,False,False
reuben-hunter,122,0,0,noindex,122w < 200; no quick facts; no faq,False,,False,False
sadie-robertson,122,0,0,noindex,122w < 200; no quick facts; no faq,False,,False,False
brandon-crowe,121,0,0,noindex,121w < 200; no quick facts; no faq,False,,False,False
grant-dutro,121,3,2,noindex,121w < 200,False,,False,False
joshua-chatraw,121,0,0,noindex,121w < 200; no quick facts; no faq,False,,False,False
robin-parry,121,0,0,noindex,121w < 200; no quick facts; no faq,False,,False,False
virgil-walker,121,3,2,noindex,121w < 200,False,,False,False
beautiful-christian-life-staff,120,0,0,noindex,120w < 200; no quick facts; no faq,False,,False,False
dean-inserra,120,3,2,noindex,120w < 200,False,,False,False
jeffrey-bilbro,120,3,2,noindex,120w < 200,False,,False,False
scott-hurst,120,0,0,noindex,120w < 200; no quick facts; no faq,False,,False,False
hannah-miller-king,119,0,0,noindex,119w < 200; no quick facts; no faq,False,,False,False
joshua-heavin,119,3,2,noindex,119w < 200,False,,False,False
roland-barnes,119,3,2,noindex,119w < 200,False,,False,False
simon-van-bruchem,119,0,0,noindex,119w < 200; no quick facts; no faq,False,,False,False
thaddeus-williams,119,0,0,noindex,119w < 200; no quick facts; no faq,False,,False,False
andy-olsen,118,3,2,noindex,118w < 200,False,,False,False
courtney-reissig,118,0,0,noindex,118w < 200; no quick facts; no faq,False,,False,False
tom-ascol,118,0,0,noindex,118w < 200; no quick facts; no faq,False,,False,False
brad-klassen,117,3,2,noindex,117w < 200,False,,False,False
daniel-stegeman,117,3,2,noindex,117w < 200,False,,False,False
glen-scrivener,117,0,0,noindex,117w < 200; no quick facts; no faq,False,,False,False
john-d-wilsey,117,0,0,noindex,117w < 200; no quick facts; no faq,False,,False,False
michael-jensen,117,0,0,noindex,117w < 200; no quick facts; no faq,False,,False,False
peter-j-gentry,117,0,0,noindex,117w < 200; no quick facts; no faq,False,,False,False
reagan-rose,117,3,2,noindex,117w < 200,False,,False,False
robert-ventura,117,3,2,noindex,117w < 200,False,,False,False
adele-calhoun,116,0,0,noindex,116w < 200; no quick facts; no faq,False,,False,False
laura-wifler,116,0,0,noindex,116w < 200; no quick facts; no faq,False,,False,False
sam-emadi,116,3,2,noindex,116w < 200,False,,False,False
stephen-unthank,116,3,2,noindex,116w < 200,False,,False,False
e-j-hutchinson,115,0,0,noindex,115w < 200; no quick facts; no faq,False,,False,False
ken-shigematsu,115,0,0,noindex,115w < 200; no quick facts; no faq,False,,False,False
luke-mansfield,115,3,2,noindex,115w < 200,False,,False,False
mika-edmondson,115,0,0,noindex,115w < 200; no quick facts; no faq,False,,False,False
simonetta-carr,115,3,2,noindex,115w < 200,False,,False,False
stephen-wolfe,115,0,0,noindex,115w < 200; no quick facts; no faq,False,,False,False
brianna-lambert,114,0,0,noindex,114w < 200; no quick facts; no faq,False,,False,False
dan-olinger,114,0,0,noindex,114w < 200; no quick facts; no faq,False,,False,False
derwin-gray,114,0,0,noindex,114w < 200; no quick facts; no faq,False,,False,False
ellen-hayes,114,0,0,noindex,114w < 200; no quick facts; no faq,False,,False,False
james-white,114,3,2,noindex,114w < 200,False,,False,False
joseph-sherrard,114,3,2,noindex,114w < 200,False,,False,False
kevin-bauder,114,0,0,noindex,114w < 200; no quick facts; no faq,False,,False,False
kyle-tucker,114,3,2,noindex,114w < 200,False,,False,False
nicola-a-menzie,114,0,0,noindex,114w < 200; no quick facts; no faq,False,,False,False
christopher-cook,113,0,0,noindex,113w < 200; no quick facts; no faq,False,,False,False
christopher-gehrz,113,0,0,noindex,113w < 200; no quick facts; no faq,False,,False,False
everyday-theology-staff,113,0,0,noindex,113w < 200; no quick facts; no faq,False,,False,False
joel-m-ellis,113,3,2,noindex,113w < 200,False,,False,False
joel-morris,113,3,2,noindex,113w < 200,False,,False,False
kristy-etheridge,113,3,2,noindex,113w < 200,False,,False,False
simon-p-kennedy,113,0,0,noindex,113w < 200; no quick facts; no faq,False,,False,False
amy-gannett,112,3,2,noindex,112w < 200,False,,False,False
ashley-eneriz,112,3,2,noindex,112w < 200,False,,False,False
blake-glosson,112,3,2,noindex,112w < 200,False,,False,False
carey-nieuwhof,112,0,0,noindex,112w < 200; no quick facts; no faq,False,,False,False
alex-chediak,111,3,2,noindex,111w < 200,False,,False,False
ginger-blomberg,111,0,0,noindex,111w < 200; no quick facts; no faq,False,,False,False
joshua-torrey,111,0,0,noindex,111w < 200; no quick facts; no faq,False,,False,False
sadie-maples,111,3,2,noindex,111w < 200,False,,False,False
stephen-mattson,111,0,0,noindex,111w < 200; no quick facts; no faq,False,,False,False
winfree-brisley,111,3,2,noindex,111w < 200,False,,False,False
ardel-caneday,110,3,2,noindex,110w < 200,False,,False,False
blair-linne,110,3,2,noindex,110w < 200,False,,False,False
jim-mccarthy,110,3,2,noindex,110w < 200,False,,False,False
joey-sherrard,110,3,2,noindex,110w < 200,False,,False,False
keith-a-mathison,110,0,0,noindex,110w < 200; no quick facts; no faq,False,,False,False
ryan-burge,110,0,0,noindex,110w < 200; no quick facts; no faq,False,,False,False
scot-mcknight,110,0,0,noindex,110w < 200; no quick facts; no faq,False,,False,False
william-boekestein,110,0,0,noindex,110w < 200; no quick facts; no faq,False,,False,False
mark-dance,109,0,0,noindex,109w < 200; no quick facts; no faq,False,,False,False
paul-j-pastor,109,0,0,noindex,109w < 200; no quick facts; no faq,False,,False,False
seth-troutt,109,3,2,noindex,109w < 200,False,,False,False
stan-gale,109,0,0,noindex,109w < 200; no quick facts; no faq,False,,False,False
steve-mathewson,109,3,2,noindex,109w < 200,False,,False,False
thomas-goodwin,109,0,0,noindex,109w < 200; no quick facts; no faq,False,,False,False
chase-krug,108,3,2,noindex,108w < 200,False,,False,False
daniel-strand,108,3,2,noindex,108w < 200,False,,False,False
david-s-cloud,108,0,0,noindex,108w < 200; no quick facts; no faq,False,,False,False
zach-carter,108,3,2,noindex,108w < 200,False,,False,False
chad-van-dixhoorn,107,0,0,noindex,107w < 200; no quick facts; no faq,False,,False,False
gage-arnold,107,3,2,noindex,107w < 200,False,,False,False
jane-story,107,3,2,noindex,107w < 200,False,,False,False
jordan-b-cooper,107,0,0,noindex,107w < 200; no quick facts; no faq,False,,False,False
kirsten-black,107,3,2,noindex,107w < 200,False,,False,False
melissa-collier-gepford,107,3,2,noindex,107w < 200,False,,False,False
stephen-kloosterman,107,0,0,noindex,107w < 200; no quick facts; no faq,False,,False,False
t-m-suffield,107,0,0,noindex,107w < 200; no quick facts; no faq,False,,False,False
tom-harper,107,0,0,noindex,107w < 200; no quick facts; no faq,False,,False,False
alistair-chalmers,106,3,2,noindex,106w < 200,False,,False,False
grace-thomas,106,3,2,noindex,106w < 200,False,,False,False
nik-schatz,106,3,2,noindex,106w < 200,False,,False,False
peter-jones,106,0,0,noindex,106w < 200; no quick facts; no faq,False,,False,False
r-andrew-compton,106,0,0,noindex,106w < 200; no quick facts; no faq,False,,False,False
scott-mcclellan,106,0,0,noindex,106w < 200; no quick facts; no faq,False,,False,False
cameron-cole,105,0,0,noindex,105w < 200; no quick facts; no faq,False,,False,False
cassie-achermann,105,0,0,noindex,105w < 200; no quick facts; no faq,False,,False,False
chrys-jones,105,3,2,noindex,105w < 200,False,,False,False
kelly-keller,105,3,2,noindex,105w < 200,False,,False,False
kristen-lavalley,105,0,0,noindex,105w < 200; no quick facts; no faq,False,,False,False
moriah-lovett,105,3,2,noindex,105w < 200,False,,False,False
will-parker-anderson,105,3,2,noindex,105w < 200,False,,False,False
brandon-corley,104,3,2,noindex,104w < 200,False,,False,False
emma-brockes,104,0,0,noindex,104w < 200; no quick facts; no faq,False,,False,False
j-gary-millar,104,0,0,noindex,104w < 200; no quick facts; no faq,False,,False,False
jeffrey-a-stivason,104,3,2,noindex,104w < 200,False,,False,False
joanna-kimbrel,104,3,2,noindex,104w < 200,False,,False,False
kyla-gillespie,104,3,2,noindex,104w < 200,False,,False,False
liz-lykins,104,0,0,noindex,104w < 200; no quick facts; no faq,False,,False,False
scott-sauls,104,3,2,noindex,104w < 200,False,,False,False
thomas-petter,104,3,2,noindex,104w < 200,False,,False,False
thomas-west,104,0,0,noindex,104w < 200; no quick facts; no faq,False,,False,False
barry-york,103,0,0,noindex,103w < 200; no quick facts; no faq,False,,False,False
erica-barthalow,103,3,2,noindex,103w < 200,False,,False,False
j-v-fesko,103,0,0,noindex,103w < 200; no quick facts; no faq,False,,False,False
james-eglinton,103,0,0,noindex,103w < 200; no quick facts; no faq,False,,False,False
jeremy-kimble,103,0,0,noindex,103w < 200; no quick facts; no faq,False,,False,False
jonathan-swan-and-david-e-sanger,103,0,0,noindex,junk byline slug,True,,False,False
julie-dickerson,103,0,0,noindex,103w < 200; no quick facts; no faq,False,,False,False
kenneth-wingate,103,3,2,noindex,103w < 200,False,,False,False
mark-j-henninger,103,0,0,noindex,103w < 200; no quick facts; no faq,False,,False,False
miranda-carls,103,3,2,noindex,103w < 200,False,,False,False
sharonda-cooper,103,3,2,noindex,103w < 200,False,,False,False
taraleigh-cobble,103,3,2,noindex,103w < 200,False,,False,False
todd-pruitt,103,3,2,noindex,103w < 200,False,,False,False
william-s-plummer,103,0,0,noindex,103w < 200; no quick facts; no faq,False,,False,False
christina-fox,102,0,0,noindex,102w < 200; no quick facts; no faq,False,,False,False
dominique-gilliard,102,0,0,noindex,102w < 200; no quick facts; no faq,False,,False,False
john-brown-of-wamphray,102,0,0,noindex,102w < 200; no quick facts; no faq,False,,False,False
kevin-burrell,102,3,2,noindex,102w < 200,False,,False,False
pierce-taylor-hibbs,102,0,0,noindex,102w < 200; no quick facts; no faq,False,,False,False
samantha-decker,102,3,2,noindex,102w < 200,False,,False,False
sarah-walton,102,3,2,noindex,102w < 200,False,,False,False
sune-engel-rasmussen,102,0,0,noindex,102w < 200; no quick facts; no faq,False,,False,False
bob-stevenson,101,3,2,noindex,101w < 200,False,,False,False
dorothy-greco,101,0,0,noindex,101w < 200; no quick facts; no faq,False,,False,False
jemar-tisby,101,0,0,noindex,101w < 200; no quick facts; no faq,False,,False,False
john-ehrett,101,0,0,noindex,101w < 200; no quick facts; no faq,False,,False,False
joseph-porter,101,0,0,noindex,101w < 200; no quick facts; no faq,False,,False,False
stephen-eide,101,0,0,noindex,101w < 200; no quick facts; no faq,False,,False,False
thomas-brand,101,3,2,noindex,101w < 200,False,,False,False
adam-niess,100,3,2,noindex,100w < 200,False,,False,False
andrew-lisi,100,3,2,noindex,100w < 200,False,,False,False
anna-meade-harris,100,0,0,noindex,100w < 200; no quick facts; no faq,False,,False,False
colton-taylor,100,3,2,noindex,100w < 200,False,,False,False
drew-brown,100,3,2,noindex,100w < 200,False,,False,False
ivan-mesa,100,3,2,noindex,100w < 200,False,,False,False
joel-smit,100,3,2,noindex,100w < 200,False,,False,False
ligonier-editorial,100,0,0,noindex,100w < 200; no quick facts; no faq,False,,False,False
mitchell-g-bahnsen,100,3,2,noindex,100w < 200,False,,False,False
simona-gorton,100,3,2,noindex,100w < 200,False,,False,False
tyler-bauer,100,3,2,noindex,100w < 200,False,,False,False
alan-noble,99,0,0,noindex,99w < 200; no quick facts; no faq,False,,False,False
carl-peetz,99,3,2,noindex,99w < 200,False,,False,False
chad-higgins,99,3,2,noindex,99w < 200,False,,False,False
chris-hutchinson,99,3,2,noindex,99w < 200,False,,False,False
darin-white,99,3,2,noindex,99w < 200,False,,False,False
matthew-harmon,99,0,0,noindex,99w < 200; no quick facts; no faq,False,,False,False
michael-grayston,99,3,2,noindex,99w < 200,False,,False,False
thomas-brewer,99,0,0,noindex,99w < 200; no quick facts; no faq,False,,False,False
tilly-dillehay,99,3,2,noindex,99w < 200,False,,False,False
a-j-swoboda,98,0,0,noindex,98w < 200; no quick facts; no faq,False,,False,False
andrew-barber,98,3,2,noindex,98w < 200,False,,False,False
daniel-hames,98,3,2,noindex,98w < 200,False,,False,False
glenn-a-moots,98,0,0,noindex,98w < 200; no quick facts; no faq,False,,False,False
james-norris,98,0,0,noindex,98w < 200; no quick facts; no faq,False,,False,False
joseph-minich,98,0,0,noindex,98w < 200; no quick facts; no faq,False,,False,False
michael-graham,98,0,0,noindex,98w < 200; no quick facts; no faq,False,,False,False
murungi-igweta,98,3,2,noindex,98w < 200,False,,False,False
adam-callaway,97,3,2,noindex,97w < 200,False,,False,False
bruce-mckanna,97,3,2,noindex,97w < 200,False,,False,False
dean-davis,97,0,0,noindex,97w < 200; no quick facts; no faq,False,,False,False
h-b-charles,97,0,0,noindex,97w < 200; no quick facts; no faq,False,,False,False
jeffrey-stivason,97,0,0,noindex,97w < 200; no quick facts; no faq,False,,False,False
julianne-schultz,97,3,2,noindex,97w < 200,False,,False,False
katy-faust,97,3,2,noindex,97w < 200,False,,False,False
keith-bradsher,97,0,0,noindex,97w < 200; no quick facts; no faq,False,,False,False
neil-shenvi,97,3,2,noindex,97w < 200,False,,False,False
paul-levy,97,0,0,noindex,97w < 200; no quick facts; no faq,False,,False,False
philip-hunt,97,0,0,noindex,97w < 200; no quick facts; no faq,False,,False,False
phylicia-masonheimer,97,0,0,noindex,97w < 200; no quick facts; no faq,False,,False,False
skylar-spradlin,97,3,2,noindex,97w < 200,False,,False,False
brian-pell,96,3,2,noindex,96w < 200,False,,False,False
emily-belz,96,0,0,noindex,96w < 200; no quick facts; no faq,False,,False,False
j-stephen-yuille,96,0,0,noindex,96w < 200; no quick facts; no faq,False,,False,False
jackie-gibson,96,3,2,noindex,96w < 200,False,,False,False
joel-fick,96,0,0,noindex,96w < 200; no quick facts; no faq,False,,False,False
jordan-stone,96,0,0,noindex,96w < 200; no quick facts; no faq,False,,False,False
joseph-rigney,96,0,0,noindex,96w < 200; no quick facts; no faq,False,,False,False
karrie-hahn,96,0,0,noindex,96w < 200; no quick facts; no faq,False,,False,False
keith-evans,96,3,2,noindex,96w < 200,False,,False,False
lyndon-jost,96,3,2,noindex,96w < 200,False,,False,False
mike-mcgarry,96,0,0,noindex,96w < 200; no quick facts; no faq,False,,False,False
robert-hasler,96,3,2,noindex,96w < 200,False,,False,False
rosalind-picard,96,3,2,noindex,96w < 200,False,,False,False
samuel-g-parkison,96,0,0,noindex,96w < 200; no quick facts; no faq,False,,False,False
andy-shurson,95,0,0,noindex,95w < 200; no quick facts; no faq,False,,False,False
bruce-a-little,95,0,0,noindex,95w < 200; no quick facts; no faq,False,,False,False
bruce-gilley,95,0,0,noindex,95w < 200; no quick facts; no faq,False,,False,False
dan-vander-plaats,95,3,2,noindex,95w < 200,False,,False,False
farnaz-fassihi,95,0,0,noindex,95w < 200; no quick facts; no faq,False,,False,False
forrest-marion,95,3,2,noindex,95w < 200,False,,False,False
joshua-parcha,95,3,2,noindex,95w < 200,False,,False,False
ken-braddy,95,0,0,noindex,95w < 200; no quick facts; no faq,False,,False,False
marc-sims,95,3,2,noindex,95w < 200,False,,False,False
meredith-lee-myers,95,0,0,noindex,95w < 200; no quick facts; no faq,False,,False,False
owen-anderson,95,3,2,noindex,95w < 200,False,,False,False
adam-kipp,94,3,2,noindex,94w < 200,False,,False,False
aimee-byrd,94,0,0,noindex,94w < 200; no quick facts; no faq,False,,False,False
brittany-allen,94,3,2,noindex,94w < 200,False,,False,False
dan-jarms,94,0,0,noindex,94w < 200; no quick facts; no faq,False,,False,False
kyle-burks,94,3,2,noindex,94w < 200,False,,False,False
nick-batzig,94,0,0,noindex,94w < 200; no quick facts; no faq,False,,False,False
paul-koch,94,0,0,noindex,94w < 200; no quick facts; no faq,False,,False,False
sean-nolan,94,3,2,noindex,94w < 200,False,,False,False
steven-willing,94,3,2,noindex,94w < 200,False,,False,False
a-pca-ruling-elder,93,0,0,noindex,93w < 200; no quick facts; no faq,False,,False,False
amy-mantravadi,93,0,0,noindex,93w < 200; no quick facts; no faq,False,,False,False
cole-newton,93,3,2,noindex,93w < 200,False,,False,False
damian-paletta,93,0,0,noindex,93w < 200; no quick facts; no faq,False,,False,False
helen-louise-herndon,93,3,2,noindex,93w < 200,False,,False,False
jacob-percy,93,3,2,noindex,93w < 200,False,,False,False
jessica-burke,93,3,2,noindex,93w < 200,False,,False,False
kyle-strobel,93,0,0,noindex,93w < 200; no quick facts; no faq,False,,False,False
madelyn-moses,93,3,2,noindex,93w < 200,False,,False,False
ramon-presson,93,0,0,noindex,93w < 200; no quick facts; no faq,False,,False,False
shawn-wright,93,3,2,noindex,93w < 200,False,,False,False
adam-loretto,92,3,2,noindex,92w < 200,False,,False,False
barbara-harper,92,3,2,noindex,92w < 200,False,,False,False
emiliano-rodrguez-mega-and-csar-rodrguez,92,0,0,noindex,92w < 200; no quick facts; no faq,False,,False,False
landry-holmes,92,3,2,noindex,92w < 200,False,,False,False
matt-fraser,92,0,0,noindex,92w < 200; no quick facts; no faq,False,,False,False
matt-recker,92,0,0,noindex,92w < 200; no quick facts; no faq,False,,False,False
mitch-chase,92,0,0,noindex,92w < 200; no quick facts; no faq,False,,False,False
stephen-spinnenweber,92,3,2,noindex,92w < 200,False,,False,False
alyson-punzi,91,3,2,noindex,91w < 200,False,,False,False
beshay-sakla,91,3,2,noindex,91w < 200,False,,False,False
chad-huffman,91,0,0,noindex,91w < 200; no quick facts; no faq,False,,False,False
golden-matonga-and-matthew-mpoke-bigg,91,3,2,noindex,junk byline slug,True,,False,False
michelle-ayres,91,0,0,noindex,91w < 200; no quick facts; no faq,False,,False,False
paul-carter,91,3,2,noindex,91w < 200,False,,False,False
rob-tervet,91,3,2,noindex,91w < 200,False,,False,False
shane-pruitt,91,3,2,noindex,91w < 200,False,,False,False
brett-leeprice,90,0,0,noindex,90w < 200; no quick facts; no faq,False,,False,False
chris-maxwell,90,3,2,noindex,90w < 200,False,,False,False
daniel-k-williams,90,0,0,noindex,90w < 200; no quick facts; no faq,False,,False,False
daniel-strange,90,3,2,noindex,90w < 200,False,,False,False
gray-ewing,90,3,2,noindex,90w < 200,False,,False,False
hunter-beaumont,90,3,2,noindex,90w < 200,False,,False,False
karsten-harrison,90,3,2,noindex,90w < 200,False,,False,False
maggie-haberman-and-jonathan-swan,90,0,0,noindex,90w < 200; no quick facts; no faq,False,,False,False
matthew-cluraghty,90,3,2,noindex,90w < 200,False,,False,False
ronald-william-digiacomo,90,3,2,noindex,90w < 200,False,,False,False
rosaria-butterfield-and-jared-moore,90,3,2,noindex,90w < 200,False,,False,False
tyler-harden,90,3,2,noindex,90w < 200,False,,False,False
al-gooderham,89,3,2,noindex,89w < 200,False,,False,False
brad-edwards,89,0,0,noindex,89w < 200; no quick facts; no faq,False,,False,False
brandon-w-peach,89,3,2,noindex,89w < 200,False,,False,False
chris-reynolds,89,0,0,noindex,89w < 200; no quick facts; no faq,False,,False,False
joel-cho,89,0,0,noindex,89w < 200; no quick facts; no faq,False,,False,False
john-seel,89,0,0,noindex,89w < 200; no quick facts; no faq,False,,False,False
karen-swallow-prior,89,0,0,noindex,89w < 200; no quick facts; no faq,False,,False,False
lauren-washer,89,3,2,noindex,89w < 200,False,,False,False
matthew-lee-anderson,89,0,0,noindex,89w < 200; no quick facts; no faq,False,,False,False
steve-richardson,89,0,0,noindex,89w < 200; no quick facts; no faq,False,,False,False
walter-shaw,89,3,2,noindex,89w < 200,False,,False,False
amanda-conquers,88,0,0,noindex,88w < 200; no quick facts; no faq,False,,False,False
anton-troianovski-and-david-e-sanger,88,0,0,noindex,junk byline slug,True,,False,False
arthur-gonalves,88,3,2,noindex,88w < 200,False,,False,False
bonnie-gray,88,0,0,noindex,88w < 200; no quick facts; no faq,False,,False,False
carlotta-gall,88,0,0,noindex,88w < 200; no quick facts; no faq,False,,False,False
emily-keller,88,3,2,noindex,88w < 200,False,,False,False
hannah-beech-and-daniel-berehulak,88,0,0,noindex,88w < 200; no quick facts; no faq,False,,False,False
irwyn-ince,88,0,0,noindex,88w < 200; no quick facts; no faq,False,,False,False
jamila-davison,88,3,2,noindex,88w < 200,False,,False,False
joshua-mitchell,88,0,0,noindex,88w < 200; no quick facts; no faq,False,,False,False
ligonier-ministries,88,0,0,noindex,88w < 200; no quick facts; no faq,False,,False,False
michael-abraham,88,3,2,noindex,88w < 200,False,,False,False
paul-s-jeon,88,3,2,noindex,88w < 200,False,,False,False
reuben-bredenhof,88,0,0,noindex,88w < 200; no quick facts; no faq,False,,False,False
rob-brockman,88,3,2,noindex,88w < 200,False,,False,False
scott-w-kay,88,0,0,noindex,88w < 200; no quick facts; no faq,False,,False,False
vanessa-doughty,88,3,2,noindex,88w < 200,False,,False,False
will-dole,88,3,2,noindex,88w < 200,False,,False,False
abigail-thompson,87,0,0,noindex,87w < 200; no quick facts; no faq,False,,False,False
aie-balagtas-see-and-jes-aznar,87,3,2,noindex,87w < 200,False,,False,False
caleb-cangelosi,87,3,2,noindex,87w < 200,False,,False,False
casey-harper,87,3,2,noindex,87w < 200,False,,False,False
clayton-chancey,87,0,0,noindex,87w < 200; no quick facts; no faq,False,,False,False
dr-lucien-tuinstra,87,0,0,noindex,87w < 200; no quick facts; no faq,False,,False,False
j-chase-davis,87,0,0,noindex,87w < 200; no quick facts; no faq,False,,False,False
jenny-hietbrink,87,0,0,noindex,87w < 200; no quick facts; no faq,False,,False,False
john-kwasny,87,3,2,noindex,87w < 200,False,,False,False
matt-boga,87,3,2,noindex,87w < 200,False,,False,False
paige-brady,87,0,0,noindex,87w < 200; no quick facts; no faq,False,,False,False
rob-edenfield,87,3,2,noindex,87w < 200,False,,False,False
sam-beh,87,3,2,noindex,87w < 200,False,,False,False
shan-li,87,3,2,noindex,87w < 200,False,,False,False
steve-burchett,87,3,2,noindex,87w < 200,False,,False,False
arie-van-weelden,86,3,2,noindex,86w < 200,False,,False,False
audrey-finken,86,3,2,noindex,86w < 200,False,,False,False
bruce-henning,86,0,0,noindex,86w < 200; no quick facts; no faq,False,,False,False
carolyn-morriscollier,86,3,2,noindex,86w < 200,False,,False,False
chelsea-kingston-erickson,86,0,0,noindex,86w < 200; no quick facts; no faq,False,,False,False
donny-friederichsen,86,3,2,noindex,86w < 200,False,,False,False
erik-coonce,86,0,0,noindex,86w < 200; no quick facts; no faq,False,,False,False
geoffrey-r-kirkland,86,0,0,noindex,86w < 200; no quick facts; no faq,False,,False,False
ian-j-vaillancourt,86,0,0,noindex,86w < 200; no quick facts; no faq,False,,False,False
jason-dees,86,3,2,noindex,86w < 200,False,,False,False
jay-sklar,86,0,0,noindex,86w < 200; no quick facts; no faq,False,,False,False
jeremy-linneman,86,0,0,noindex,86w < 200; no quick facts; no faq,False,,False,False
joy-marie-clarkson,86,0,0,noindex,86w < 200; no quick facts; no faq,False,,False,False
m-elizabeth-lewis-hall,86,0,0,noindex,86w < 200; no quick facts; no faq,False,,False,False
paul-putz,86,3,2,noindex,86w < 200,False,,False,False
peter-s-goodman-and-finbarr-oreilly,86,0,0,noindex,86w < 200; no quick facts; no faq,False,,False,False
steve-bateman,86,3,2,noindex,86w < 200,False,,False,False
timon-cline,86,0,0,noindex,86w < 200; no quick facts; no faq,False,,False,False
amy-hornbuckle,85,3,2,noindex,85w < 200,False,,False,False
brad-larson,85,3,2,noindex,85w < 200,False,,False,False
carlotta-gall-and-stanislav-kozliuk,85,0,0,noindex,85w < 200; no quick facts; no faq,False,,False,False
chandler-vannoy,85,3,2,noindex,85w < 200,False,,False,False
danny-myers,85,0,0,noindex,85w < 200; no quick facts; no faq,False,,False,False
elisabetta-povoledo-and-elizabeth-dias,85,0,0,noindex,85w < 200; no quick facts; no faq,False,,False,False
hywel-george,85,0,0,noindex,85w < 200; no quick facts; no faq,False,,False,False
michael-clary,85,3,2,noindex,85w < 200,False,,False,False
pete-nicholas,85,0,0,noindex,85w < 200; no quick facts; no faq,False,,False,False
robbie-gramer,85,0,0,noindex,85w < 200; no quick facts; no faq,False,,False,False
stephen-chandler,85,3,2,noindex,85w < 200,False,,False,False
william-b-fullilove,85,3,2,noindex,85w < 200,False,,False,False
andrew-smith,84,3,2,noindex,84w < 200,False,,False,False
ben-stahl,84,3,2,noindex,84w < 200,False,,False,False
beth-claes,84,3,2,noindex,84w < 200,False,,False,False
declan-walsh-and-john-yoon,84,0,0,noindex,84w < 200; no quick facts; no faq,False,,False,False
eric-demeter,84,0,0,noindex,84w < 200; no quick facts; no faq,False,,False,False
isaiah-marshall,84,3,2,noindex,84w < 200,False,,False,False
jacob-leeming,84,3,2,noindex,84w < 200,False,,False,False
katie-peterson,84,3,2,noindex,84w < 200,False,,False,False
randy-booth,84,3,2,noindex,84w < 200,False,,False,False
rick-langer,84,0,0,noindex,84w < 200; no quick facts; no faq,False,,False,False
robert-mackey,84,3,2,noindex,84w < 200,False,,False,False
susan-bruxvoort-lipscomb,84,0,0,noindex,84w < 200; no quick facts; no faq,False,,False,False
zak-mellgren,84,3,2,noindex,84w < 200,False,,False,False
abraham-cho,83,0,0,noindex,83w < 200; no quick facts; no faq,False,,False,False
aie-balagtas-see-and-jason-gutierrez,83,3,2,noindex,83w < 200,False,,False,False
ashley-anthony,83,3,2,noindex,83w < 200,False,,False,False
charles-carman,83,0,0,noindex,83w < 200; no quick facts; no faq,False,,False,False
chris-larson,83,0,0,noindex,83w < 200; no quick facts; no faq,False,,False,False
corinne-carver,83,3,2,noindex,83w < 200,False,,False,False
hayden-nesbit,83,3,2,noindex,83w < 200,False,,False,False
jason-mcmartin,83,0,0,noindex,83w < 200; no quick facts; no faq,False,,False,False
jeremy-bell,83,0,0,noindex,83w < 200; no quick facts; no faq,False,,False,False
marina-dunbar,83,0,0,noindex,83w < 200; no quick facts; no faq,False,,False,False
ryan-bangert,83,3,2,noindex,83w < 200,False,,False,False
abdi-latif-dahir-and-leo-sands,82,0,0,noindex,82w < 200; no quick facts; no faq,False,,False,False
bob-cutillo,82,3,2,noindex,82w < 200,False,,False,False
bob-doll,82,3,2,noindex,82w < 200,False,,False,False
brad-wetherell,82,0,0,noindex,82w < 200; no quick facts; no faq,False,,False,False
brian-cosby,82,0,0,noindex,82w < 200; no quick facts; no faq,False,,False,False
chris-buckley,82,3,2,noindex,82w < 200,False,,False,False
emily-van-dixhoorn,82,0,0,noindex,82w < 200; no quick facts; no faq,False,,False,False
gideon-rossouw,82,3,2,noindex,82w < 200,False,,False,False
j-nicole-morgan,82,0,0,noindex,82w < 200; no quick facts; no faq,False,,False,False
jason-horowitz,82,0,0,noindex,82w < 200; no quick facts; no faq,False,,False,False
jt-reeves,82,0,0,noindex,82w < 200; no quick facts; no faq,False,,False,False
kaspars-ozolins,82,3,2,noindex,82w < 200,False,,False,False
lane-tipton,82,0,0,noindex,82w < 200; no quick facts; no faq,False,,False,False
nesrine-malik,82,0,0,noindex,82w < 200; no quick facts; no faq,False,,False,False
sam-cheng,82,0,0,noindex,82w < 200; no quick facts; no faq,False,,False,False
simon-tisdall,82,0,0,noindex,82w < 200; no quick facts; no faq,False,,False,False
andy-davis,81,3,2,noindex,81w < 200,False,,False,False
anne-kerhoulas,81,0,0,noindex,81w < 200; no quick facts; no faq,False,,False,False
editors,81,3,2,noindex,81w < 200,False,,False,False
erica-roth,81,0,0,noindex,81w < 200; no quick facts; no faq,False,,False,False
josh-irby,81,0,0,noindex,81w < 200; no quick facts; no faq,False,,False,False
justin-dillehay,81,0,0,noindex,81w < 200; no quick facts; no faq,False,,False,False
max-kim-and-chang-w-lee,81,3,2,noindex,junk byline slug,True,,False,False
pranav-baskar,81,3,2,noindex,81w < 200,False,,False,False
tom-hughes,81,0,0,noindex,81w < 200; no quick facts; no faq,False,,False,False
aimee-joseph,80,0,0,noindex,80w < 200; no quick facts; no faq,False,,False,False
amelia-nierenberg-and-ephrat-livni,80,0,0,noindex,80w < 200; no quick facts; no faq,False,,False,False
bryan-rose,80,0,0,noindex,80w < 200; no quick facts; no faq,False,,False,False
crystal-kershaw,80,3,2,noindex,80w < 200,False,,False,False
cyril-chavis,80,3,2,noindex,80w < 200,False,,False,False
daniel-guzmn,80,0,0,noindex,80w < 200; no quick facts; no faq,False,,False,False
jason-wilson,80,3,2,noindex,80w < 200,False,,False,False
john-currie,80,0,0,noindex,80w < 200; no quick facts; no faq,False,,False,False
mary-willson-hannah,80,3,2,noindex,80w < 200,False,,False,False
vika-pechersky,80,0,0,noindex,80w < 200; no quick facts; no faq,False,,False,False
bethany-broderick,79,0,0,noindex,79w < 200; no quick facts; no faq,False,,False,False
rebecca-f-elliott,79,0,0,noindex,79w < 200; no quick facts; no faq,False,,False,False
amy-tyson,78,0,0,noindex,78w < 200; no quick facts; no faq,False,,False,False
barry-waugh,78,0,0,noindex,78w < 200; no quick facts; no faq,False,,False,False
bekah-mccallum,78,0,0,noindex,78w < 200; no quick facts; no faq,False,,False,False
choe-sanghun,78,0,0,noindex,78w < 200; no quick facts; no faq,False,,False,False
eddie-larow,78,0,0,noindex,78w < 200; no quick facts; no faq,False,,False,False
glenna-marshall,78,0,0,noindex,78w < 200; no quick facts; no faq,False,,False,False
jeff-brannon,78,3,2,noindex,78w < 200,False,,False,False
julie-turkewitz,78,0,0,noindex,78w < 200; no quick facts; no faq,False,,False,False
roberto-carrera,78,0,0,noindex,78w < 200; no quick facts; no faq,False,,False,False
sutton-raphael-and-rebecca-suner,78,3,2,noindex,78w < 200,False,,False,False
abdi-latif-dahir,77,0,0,noindex,77w < 200; no quick facts; no faq,False,,False,False
ben-r-crenshaw,77,0,0,noindex,77w < 200; no quick facts; no faq,False,,False,False
daniel-devine,77,3,2,noindex,77w < 200,False,,False,False
daniel-nealon,77,3,2,noindex,77w < 200,False,,False,False
doug-eaton,77,3,2,noindex,77w < 200,False,,False,False
euan-ward-and-jenny-gross,77,3,2,noindex,77w < 200,False,,False,False
john-freeman,77,3,2,noindex,77w < 200,False,,False,False
matthew-loftus,77,0,0,noindex,77w < 200; no quick facts; no faq,False,,False,False
paul-christopher,77,0,0,noindex,77w < 200; no quick facts; no faq,False,,False,False
rich-wilkerson,77,3,2,noindex,77w < 200,False,,False,False
rory-shiner,77,3,2,noindex,77w < 200,False,,False,False
ryan-denton,77,3,2,noindex,77w < 200,False,,False,False
stephen-williams,77,0,0,noindex,77w < 200; no quick facts; no faq,False,,False,False
careese-rials,76,3,2,noindex,76w < 200,False,,False,False
guardian-staff,76,3,2,noindex,76w < 200,False,,False,False
j-oliver-conroy,76,3,2,noindex,76w < 200,False,,False,False
james-anderson,76,0,0,noindex,76w < 200; no quick facts; no faq,False,,False,False
jared-jeter,76,3,2,noindex,76w < 200,False,,False,False
reid-patton,76,3,2,noindex,76w < 200,False,,False,False
sarah-hahn,76,0,0,noindex,76w < 200; no quick facts; no faq,False,,False,False
stephen-bates,76,0,0,noindex,76w < 200; no quick facts; no faq,False,,False,False
thomas-christianson,76,3,2,noindex,76w < 200,False,,False,False
alexandra-wexler,75,3,2,noindex,75w < 200,False,,False,False
derek-brown,75,0,0,noindex,75w < 200; no quick facts; no faq,False,,False,False
jill-e-mccormick,75,3,2,noindex,75w < 200,False,,False,False
jonathan-sturm,75,3,2,noindex,75w < 200,False,,False,False
lynn-pryor,75,0,0,noindex,75w < 200; no quick facts; no faq,False,,False,False
natalie-andrews,75,3,2,noindex,75w < 200,False,,False,False
ryan-dub,75,3,2,noindex,75w < 200,False,,False,False
selah-bang,75,0,0,noindex,75w < 200; no quick facts; no faq,False,,False,False
ben-brophy,74,3,2,noindex,74w < 200,False,,False,False
jason-douglas,74,3,2,noindex,74w < 200,False,,False,False
luis-ferrsadurn-and-federico-rios,74,0,0,noindex,74w < 200; no quick facts; no faq,False,,False,False
matthew-z-capps-and-steven-wade,74,0,0,noindex,74w < 200; no quick facts; no faq,False,,False,False
paul-sonne,74,0,0,noindex,74w < 200; no quick facts; no faq,False,,False,False
ashifa-kassam-european-community-affairs-correspondent,73,0,0,noindex,junk byline slug,True,,False,False
autumn-alcott-ridenour,73,3,2,noindex,73w < 200,False,,False,False
benjamin-l-mabry,73,3,2,noindex,73w < 200,False,,False,False
cal-crucis,73,3,2,noindex,73w < 200,False,,False,False
colin-redemer,73,3,2,noindex,73w < 200,False,,False,False
danny-franks,73,0,0,noindex,73w < 200; no quick facts; no faq,False,,False,False
jamie-carlson,73,0,0,noindex,73w < 200; no quick facts; no faq,False,,False,False
jim-tankersley,73,0,0,noindex,73w < 200; no quick facts; no faq,False,,False,False
jonathan-clark,73,0,0,noindex,73w < 200; no quick facts; no faq,False,,False,False
joyce-garcia,73,0,0,noindex,73w < 200; no quick facts; no faq,False,,False,False
ligonier-updates,73,0,0,noindex,73w < 200; no quick facts; no faq,False,,False,False
mark-croston,73,3,2,noindex,73w < 200,False,,False,False
milan-czerny,73,0,0,noindex,73w < 200; no quick facts; no faq,False,,False,False
norimitsu-onishi-and-hubert-hayaud,73,0,0,noindex,73w < 200; no quick facts; no faq,False,,False,False
pragati-kb,73,3,2,noindex,73w < 200,False,,False,False
steven-erlanger,73,0,0,noindex,73w < 200; no quick facts; no faq,False,,False,False
vera-bergengruen,73,0,0,noindex,73w < 200; no quick facts; no faq,False,,False,False
william-tate,73,0,0,noindex,73w < 200; no quick facts; no faq,False,,False,False
zia-urrehman-and-asim-hafeez,73,0,0,noindex,73w < 200; no quick facts; no faq,False,,False,False
abby-silva,72,0,0,noindex,72w < 200; no quick facts; no faq,False,,False,False
alex-stevens,72,0,0,noindex,72w < 200; no quick facts; no faq,False,,False,False
cassandra-vinograd-and-carlotta-gall,72,0,0,noindex,72w < 200; no quick facts; no faq,False,,False,False
christopher-f-schuetze,72,0,0,noindex,72w < 200; no quick facts; no faq,False,,False,False
declan-walsh-and-arlette-bashizi,72,0,0,noindex,72w < 200; no quick facts; no faq,False,,False,False
dov-lieber,72,3,2,noindex,72w < 200,False,,False,False
james-abernathy,72,0,0,noindex,72w < 200; no quick facts; no faq,False,,False,False
james-marson,72,0,0,noindex,72w < 200; no quick facts; no faq,False,,False,False
kristian-andersen,72,0,0,noindex,72w < 200; no quick facts; no faq,False,,False,False
lesley-crews,72,3,2,noindex,72w < 200,False,,False,False
marc-livecche,72,3,2,noindex,72w < 200,False,,False,False
selam-gebrekidan-and-peilin-wu,72,0,0,noindex,72w < 200; no quick facts; no faq,False,,False,False
victoria-kim-and-chris-buckley,72,0,0,noindex,72w < 200; no quick facts; no faq,False,,False,False
bethel-mcgrew,71,0,0,noindex,71w < 200; no quick facts; no faq,False,,False,False
cesar-custodio,71,3,2,noindex,71w < 200,False,,False,False
christopher-f-schuetze-and-tatiana-firsova,71,0,0,noindex,71w < 200; no quick facts; no faq,False,,False,False
dawn-sherillporter,71,0,0,noindex,71w < 200; no quick facts; no faq,False,,False,False
emiliano-rodrguez-mega-and-simon-romero,71,0,0,noindex,71w < 200; no quick facts; no faq,False,,False,False
ivan-nechepurenko-and-mary-gelman,71,0,0,noindex,71w < 200; no quick facts; no faq,False,,False,False
kyri-evangelou,71,3,2,noindex,71w < 200,False,,False,False
marc-santora,71,0,0,noindex,71w < 200; no quick facts; no faq,False,,False,False
mark-landler,71,0,0,noindex,71w < 200; no quick facts; no faq,False,,False,False
matthew-mpoke-bigg-and-apoorva-mandavilli,71,0,0,noindex,71w < 200; no quick facts; no faq,False,,False,False
stanislav-kozliuk-and-cassandra-vinograd,71,0,0,noindex,71w < 200; no quick facts; no faq,False,,False,False
wil-moore,71,3,2,noindex,71w < 200,False,,False,False
adam-goldman,70,0,0,noindex,70w < 200; no quick facts; no faq,False,,False,False
chun-han-wong,70,0,0,noindex,70w < 200; no quick facts; no faq,False,,False,False
jake-dell,70,3,2,noindex,70w < 200,False,,False,False
john-bryce,70,0,0,noindex,70w < 200; no quick facts; no faq,False,,False,False
josh-dawsey,70,0,0,noindex,70w < 200; no quick facts; no faq,False,,False,False
lifeway-research,70,3,2,noindex,70w < 200,False,,False,False
luis-ferrsadurn-and-genevieve-glatsky,70,0,0,noindex,70w < 200; no quick facts; no faq,False,,False,False
lynsey-chutel-and-claire-moses,70,0,0,noindex,70w < 200; no quick facts; no faq,False,,False,False
megan-specia-and-koba-ryckewaert,70,0,0,noindex,70w < 200; no quick facts; no faq,False,,False,False
nathaniel-marshall,70,0,0,noindex,70w < 200; no quick facts; no faq,False,,False,False
paul-vieira,70,3,2,noindex,70w < 200,False,,False,False
seth-lewis,70,3,2,noindex,70w < 200,False,,False,False
tyler-hurst,70,3,2,noindex,70w < 200,False,,False,False
abdi-latif-dahir-and-yeganeh-torbati,69,0,0,noindex,69w < 200; no quick facts; no faq,False,,False,False
andrew-ballard,69,3,2,noindex,69w < 200,False,,False,False
carlos-barragn-and-lynsey-chutel,69,0,0,noindex,69w < 200; no quick facts; no faq,False,,False,False
damian-carrington-environment-editor,69,0,0,noindex,junk byline slug,True,,False,False
daniel-bouchoc-and-zach-hollifield,69,0,0,noindex,69w < 200; no quick facts; no faq,False,,False,False
david-w-pao,69,3,2,noindex,69w < 200,False,,False,False
elian-peltier-and-safiullah-padshah,69,0,0,noindex,69w < 200; no quick facts; no faq,False,,False,False
ephrat-livni-and-lynsey-chutel,69,0,0,noindex,69w < 200; no quick facts; no faq,False,,False,False
jared-malsin,69,0,0,noindex,69w < 200; no quick facts; no faq,False,,False,False
lara-jakes,69,0,0,noindex,69w < 200; no quick facts; no faq,False,,False,False
luke-broadwater,69,0,0,noindex,69w < 200; no quick facts; no faq,False,,False,False
nate-fischer,69,0,0,noindex,69w < 200; no quick facts; no faq,False,,False,False
ruth-maclean,69,0,0,noindex,69w < 200; no quick facts; no faq,False,,False,False
shane-morris,69,0,0,noindex,69w < 200; no quick facts; no faq,False,,False,False
shelby-holliday,69,0,0,noindex,69w < 200; no quick facts; no faq,False,,False,False
david-hammer-of-wwl-louisiana-and-ramon-antonio-vargas,68,0,0,noindex,junk byline slug,True,,False,False
david-luhnow,68,0,0,noindex,68w < 200; no quick facts; no faq,False,,False,False
david-pierson-and-paul-sonne,68,0,0,noindex,68w < 200; no quick facts; no faq,False,,False,False
john-w-hoyum,68,0,0,noindex,68w < 200; no quick facts; no faq,False,,False,False
matthew-luxmoore,68,0,0,noindex,68w < 200; no quick facts; no faq,False,,False,False
michael-schwirtz-and-tomas-dapkus,68,0,0,noindex,68w < 200; no quick facts; no faq,False,,False,False
s-donald-fortson,68,0,0,noindex,68w < 200; no quick facts; no faq,False,,False,False
tim-rosenberger,68,0,0,noindex,68w < 200; no quick facts; no faq,False,,False,False
edward-song,67,0,0,noindex,67w < 200; no quick facts; no faq,False,,False,False
lily-kuo-and-peilin-wu,67,0,0,noindex,67w < 200; no quick facts; no faq,False,,False,False
robert-d-cathcart,67,0,0,noindex,67w < 200; no quick facts; no faq,False,,False,False
aamna-mohdin-community-affairs-correspondent,66,0,0,noindex,junk byline slug,True,,False,False
dan-white,66,0,0,noindex,66w < 200; no quick facts; no faq,False,,False,False
mary-mohler,66,0,0,noindex,66w < 200; no quick facts; no faq,False,,False,False
rebecca-pate,66,3,2,noindex,66w < 200,False,,False,False
susan-bennett,66,0,0,noindex,66w < 200; no quick facts; no faq,False,,False,False
anna-russell,65,3,2,noindex,65w < 200,False,,False,False
damien-cave,65,0,0,noindex,65w < 200; no quick facts; no faq,False,,False,False
jennifer-lahl-ma,65,3,2,noindex,65w < 200,False,,False,False
justine-bathurst,65,3,2,noindex,65w < 200,False,,False,False
kate-shellnutt,65,0,0,noindex,65w < 200; no quick facts; no faq,False,,False,False
kejal-vyas,65,0,0,noindex,65w < 200; no quick facts; no faq,False,,False,False
preston-ulmer,65,3,2,noindex,65w < 200,False,,False,False
ronald-dodson,65,0,0,noindex,65w < 200; no quick facts; no faq,False,,False,False
samuel-bierig,65,3,2,noindex,65w < 200,False,,False,False
sara-lansford,65,0,0,noindex,65w < 200; no quick facts; no faq,False,,False,False
timothy-larsen,65,3,2,noindex,65w < 200,False,,False,False
amelia-nierenberg,64,0,0,noindex,64w < 200; no quick facts; no faq,False,,False,False
byfaith-staff,64,3,2,noindex,64w < 200,False,,False,False
chris-osuh-community-affairs-correspondent,64,0,0,noindex,junk byline slug,True,,False,False
jenny-gross-and-aurelien-breeden,64,0,0,noindex,64w < 200; no quick facts; no faq,False,,False,False
john-eligon,64,0,0,noindex,64w < 200; no quick facts; no faq,False,,False,False
josh-burnett,64,0,0,noindex,64w < 200; no quick facts; no faq,False,,False,False
josh-herring,64,0,0,noindex,64w < 200; no quick facts; no faq,False,,False,False
lily-kuo,64,0,0,noindex,64w < 200; no quick facts; no faq,False,,False,False
richard-luscombe-and-agency,64,0,0,noindex,junk byline slug,True,,False,False
ricky-sands,64,3,2,noindex,64w < 200,False,,False,False
sebastian-y-kim,64,0,0,noindex,64w < 200; no quick facts; no faq,False,,False,False
sidney-dyer,64,0,0,noindex,64w < 200; no quick facts; no faq,False,,False,False
suilee-wee,64,0,0,noindex,64w < 200; no quick facts; no faq,False,,False,False
aaron-earls,63,0,0,noindex,63w < 200; no quick facts; no faq,False,,False,False
adam-gabbatt,63,0,0,noindex,63w < 200; no quick facts; no faq,False,,False,False
brian-daniel,63,3,2,noindex,63w < 200,False,,False,False
chris-martin,63,0,0,noindex,63w < 200; no quick facts; no faq,False,,False,False
cody-barnhart,63,3,2,noindex,63w < 200,False,,False,False
dalya-alberge,63,0,0,noindex,63w < 200; no quick facts; no faq,False,,False,False
mike-slay,63,3,2,noindex,63w < 200,False,,False,False
staff-and-agencies,63,0,0,noindex,junk byline slug,True,,False,False
sue-roaf,63,0,0,noindex,63w < 200; no quick facts; no faq,False,,False,False
tyler-hicks-and-galle-girbes,63,0,0,noindex,63w < 200; no quick facts; no faq,False,,False,False
zlati-meyer,63,0,0,noindex,63w < 200; no quick facts; no faq,False,,False,False
alyssapreiser,62,3,2,noindex,62w < 200,False,,False,False
american-reformer,62,3,2,noindex,62w < 200,False,,False,False
brian-spegele,62,0,0,noindex,62w < 200; no quick facts; no faq,False,,False,False
dkinglewishouseorg-derek-king,62,0,0,noindex,62w < 200; no quick facts; no faq,False,,False,False
isayen-herrera-and-tibisay-romero,62,0,0,noindex,62w < 200; no quick facts; no faq,False,,False,False
james-t-areddy,62,0,0,noindex,62w < 200; no quick facts; no faq,False,,False,False
john-yoon-and-joy-dong,62,0,0,noindex,62w < 200; no quick facts; no faq,False,,False,False
joyu-wang,62,3,2,noindex,62w < 200,False,,False,False
kadin-christian,62,0,0,noindex,62w < 200; no quick facts; no faq,False,,False,False
kaitlin-febles,62,3,2,noindex,62w < 200,False,,False,False
mark-johnston,62,0,0,noindex,62w < 200; no quick facts; no faq,False,,False,False
nathan-ristuccia,62,3,2,noindex,62w < 200,False,,False,False
paul-worcester,62,0,0,noindex,62w < 200; no quick facts; no faq,False,,False,False
ramon-antonio-vargas,62,0,0,noindex,62w < 200; no quick facts; no faq,False,,False,False
sanya-mansoor,62,0,0,noindex,62w < 200; no quick facts; no faq,False,,False,False
taigen-joos,62,0,0,noindex,62w < 200; no quick facts; no faq,False,,False,False
abigail-geiger,61,0,0,noindex,61w < 200; no quick facts; no faq,False,,False,False
adam-griffin,61,0,0,noindex,61w < 200; no quick facts; no faq,False,,False,False
annie-linskey,61,0,0,noindex,61w < 200; no quick facts; no faq,False,,False,False
ba-castle,61,0,0,noindex,61w < 200; no quick facts; no faq,False,,False,False
brittany-dahl,61,0,0,noindex,61w < 200; no quick facts; no faq,False,,False,False
cassandra-vinograd-and-oleksandr-chubko,61,0,0,noindex,61w < 200; no quick facts; no faq,False,,False,False
dayton-hartman,61,3,2,noindex,61w < 200,False,,False,False
dustin-volz-and-michael-schwirtz,61,0,0,noindex,61w < 200; no quick facts; no faq,False,,False,False
erica-l-green,61,0,0,noindex,61w < 200; no quick facts; no faq,False,,False,False
justine-coleman,61,0,0,noindex,61w < 200; no quick facts; no faq,False,,False,False
lara-seligman,61,0,0,noindex,61w < 200; no quick facts; no faq,False,,False,False
leo-sands-and-michael-levenson,61,3,2,noindex,61w < 200,False,,False,False
lizzie-dearden,61,0,0,noindex,61w < 200; no quick facts; no faq,False,,False,False
micah-barkley,61,3,2,noindex,61w < 200,False,,False,False
rebecca-leppert,61,3,2,noindex,61w < 200,False,,False,False
rob-butts,61,3,2,noindex,61w < 200,False,,False,False
steven-searcy,61,0,0,noindex,61w < 200; no quick facts; no faq,False,,False,False
taylor-berglund,61,3,2,noindex,61w < 200,False,,False,False
tibisay-romero,61,3,2,noindex,61w < 200,False,,False,False
austin-ramzy,60,0,0,noindex,60w < 200; no quick facts; no faq,False,,False,False
cath-clarke,60,0,0,noindex,60w < 200; no quick facts; no faq,False,,False,False
changwon-shu,60,3,2,noindex,60w < 200,False,,False,False
dave-strunk,60,0,0,noindex,60w < 200; no quick facts; no faq,False,,False,False
drake-osborn,60,3,2,noindex,60w < 200,False,,False,False
john-yoon-and-muktita-suhartono,60,0,0,noindex,60w < 200; no quick facts; no faq,False,,False,False
john-yoon-and-tatsiana-chypsanava,60,0,0,noindex,60w < 200; no quick facts; no faq,False,,False,False
kirsten-sanders,60,0,0,noindex,60w < 200; no quick facts; no faq,False,,False,False
kyle-bueermann,60,3,2,noindex,60w < 200,False,,False,False
margaret-sullivan,60,0,0,noindex,60w < 200; no quick facts; no faq,False,,False,False
mary-van-weelden,60,3,2,noindex,60w < 200,False,,False,False
nate-shurden,60,0,0,noindex,60w < 200; no quick facts; no faq,False,,False,False
richard-bennett-and-martin-buckinham,60,3,2,noindex,60w < 200,False,,False,False
timarie-friesen,60,3,2,noindex,60w < 200,False,,False,False
zac-workun,60,0,0,noindex,60w < 200; no quick facts; no faq,False,,False,False
zane-irwin-and-shirin-hakim,60,0,0,noindex,60w < 200; no quick facts; no faq,False,,False,False
alice-speri,59,0,0,noindex,59w < 200; no quick facts; no faq,False,,False,False
caleb-dalton,59,3,2,noindex,59w < 200,False,,False,False
carey-moore,59,3,2,noindex,59w < 200,False,,False,False
catherine-porter-and-ana-castelain,59,0,0,noindex,59w < 200; no quick facts; no faq,False,,False,False
chris-carneal,59,3,2,noindex,59w < 200,False,,False,False
danny-kwon,59,0,0,noindex,59w < 200; no quick facts; no faq,False,,False,False
david-schrock,59,3,2,noindex,59w < 200,False,,False,False
emma-bubola,59,0,0,noindex,59w < 200; no quick facts; no faq,False,,False,False
frank-powell,59,0,0,noindex,59w < 200; no quick facts; no faq,False,,False,False
matthew-spear,59,0,0,noindex,59w < 200; no quick facts; no faq,False,,False,False
michael-anthony-adams,59,0,0,noindex,59w < 200; no quick facts; no faq,False,,False,False
neal-samudre,59,3,2,noindex,59w < 200,False,,False,False
temujin-doran-and-katie-arnold,59,0,0,noindex,59w < 200; no quick facts; no faq,False,,False,False
timothy-w-martin,59,0,0,noindex,59w < 200; no quick facts; no faq,False,,False,False
tyler-hicks,59,0,0,noindex,59w < 200; no quick facts; no faq,False,,False,False
uwa-edeosifo,59,0,0,noindex,59w < 200; no quick facts; no faq,False,,False,False
aaron-boxerman-and-adam-sella,58,0,0,noindex,58w < 200; no quick facts; no faq,False,,False,False
alex-kocman,58,3,2,noindex,58w < 200,False,,False,False
anastasiia-malenko,58,0,0,noindex,58w < 200; no quick facts; no faq,False,,False,False
cameron-strang,58,3,2,noindex,58w < 200,False,,False,False
cmjoyner,58,0,0,noindex,58w < 200; no quick facts; no faq,False,,False,False
dawson-knaul,58,3,2,noindex,58w < 200,False,,False,False
doug-hankins,58,0,0,noindex,58w < 200; no quick facts; no faq,False,,False,False
frances-robles,58,0,0,noindex,58w < 200; no quick facts; no faq,False,,False,False
glenn-wishnew,58,3,2,noindex,58w < 200,False,,False,False
jeff-diamant,58,3,2,noindex,58w < 200,False,,False,False
kim-barker,58,0,0,noindex,58w < 200; no quick facts; no faq,False,,False,False
marianne-levine,58,0,0,noindex,58w < 200; no quick facts; no faq,False,,False,False
matt-mccullough,58,3,2,noindex,58w < 200,False,,False,False
nicole-unice,58,0,0,noindex,58w < 200; no quick facts; no faq,False,,False,False
phil-cotnoir,58,0,0,noindex,58w < 200; no quick facts; no faq,False,,False,False
rev-simon-lockett,58,0,0,noindex,58w < 200; no quick facts; no faq,False,,False,False
rosemary-jensen,58,0,0,noindex,58w < 200; no quick facts; no faq,False,,False,False
yan-zhuang-and-ephrat-livni,58,0,0,noindex,58w < 200; no quick facts; no faq,False,,False,False
ashley-ahn,57,0,0,noindex,57w < 200; no quick facts; no faq,False,,False,False
bill-riedel,57,3,2,noindex,57w < 200,False,,False,False
constant-mheut,57,0,0,noindex,57w < 200; no quick facts; no faq,False,,False,False
ephrat-livni,57,0,0,noindex,57w < 200; no quick facts; no faq,False,,False,False
erin-ford,57,0,0,noindex,57w < 200; no quick facts; no faq,False,,False,False
joseph-mattera,57,3,2,noindex,57w < 200,False,,False,False
karrie-hahn-devlin,57,3,2,noindex,57w < 200,False,,False,False
keith-plummer,57,3,2,noindex,57w < 200,False,,False,False
laetitia-vanon,57,0,0,noindex,57w < 200; no quick facts; no faq,False,,False,False
lydia-bugg,57,0,0,noindex,57w < 200; no quick facts; no faq,False,,False,False
philip-wegmann,57,0,0,noindex,57w < 200; no quick facts; no faq,False,,False,False
rebecca-woods,57,0,0,noindex,57w < 200; no quick facts; no faq,False,,False,False
ryan-smith,57,0,0,noindex,57w < 200; no quick facts; no faq,False,,False,False
sherry-qin,57,0,0,noindex,57w < 200; no quick facts; no faq,False,,False,False
stephen-castle,57,0,0,noindex,57w < 200; no quick facts; no faq,False,,False,False
stephen-kalin,57,0,0,noindex,57w < 200; no quick facts; no faq,False,,False,False
timothy-hall,57,3,2,noindex,57w < 200,False,,False,False
todd-boone,57,0,0,noindex,57w < 200; no quick facts; no faq,False,,False,False
todd-johnson,57,0,0,noindex,57w < 200; no quick facts; no faq,False,,False,False
allyn-bock,56,3,2,noindex,56w < 200,False,,False,False
christopher-knaus-and-nino-bucci,56,0,0,noindex,56w < 200; no quick facts; no faq,False,,False,False
dan-hyun,56,3,2,noindex,56w < 200,False,,False,False
erika-solomon,56,0,0,noindex,56w < 200; no quick facts; no faq,False,,False,False
george-robertson,56,0,0,noindex,56w < 200; no quick facts; no faq,False,,False,False
lauren-groves,56,0,0,noindex,56w < 200; no quick facts; no faq,False,,False,False
luis-ferrsadurn-and-leo-sands,56,0,0,noindex,56w < 200; no quick facts; no faq,False,,False,False
matthew-mpoke-bigg,56,0,0,noindex,56w < 200; no quick facts; no faq,False,,False,False
michael-aitcheson,56,3,2,noindex,56w < 200,False,,False,False
niharika-mandhana,56,0,0,noindex,56w < 200; no quick facts; no faq,False,,False,False
shelly-harris,56,3,2,noindex,56w < 200,False,,False,False
siobhn-ogrady,56,0,0,noindex,56w < 200; no quick facts; no faq,False,,False,False
tory-shepherd,56,0,0,noindex,56w < 200; no quick facts; no faq,False,,False,False
alex-kneen,55,0,0,noindex,55w < 200; no quick facts; no faq,False,,False,False
alistair-macdonald,55,0,0,noindex,55w < 200; no quick facts; no faq,False,,False,False
andrew-e-kramer,55,0,0,noindex,55w < 200; no quick facts; no faq,False,,False,False
apoorva-mandavilli,55,0,0,noindex,55w < 200; no quick facts; no faq,False,,False,False
chuck-peters,55,0,0,noindex,55w < 200; no quick facts; no faq,False,,False,False
daryl-crouch,55,3,2,noindex,55w < 200,False,,False,False
hannah-depledge,55,0,0,noindex,55w < 200; no quick facts; no faq,False,,False,False
james-drimalla,55,0,0,noindex,55w < 200; no quick facts; no faq,False,,False,False
nadia-khomami-arts-and-culture-correspondent,55,0,0,noindex,junk byline slug,True,,False,False
nazaneen-ghaffar,55,0,0,noindex,55w < 200; no quick facts; no faq,False,,False,False
noe-garcia,55,0,0,noindex,55w < 200; no quick facts; no faq,False,,False,False
stephen-kaufmann,55,0,0,noindex,55w < 200; no quick facts; no faq,False,,False,False
summer-said,55,0,0,noindex,55w < 200; no quick facts; no faq,False,,False,False
britta-lokting,54,0,0,noindex,54w < 200; no quick facts; no faq,False,,False,False
editorial,54,0,0,noindex,54w < 200; no quick facts; no faq,False,,False,False
jessica-cicali,54,3,2,noindex,54w < 200,False,,False,False
jonathan-master,54,3,2,noindex,54w < 200,False,,False,False
kait-warman,54,0,0,noindex,54w < 200; no quick facts; no faq,False,,False,False
kyle-cravens,54,0,0,noindex,54w < 200; no quick facts; no faq,False,,False,False
luke-stamps,54,0,0,noindex,54w < 200; no quick facts; no faq,False,,False,False
matthew-hall,54,0,0,noindex,54w < 200; no quick facts; no faq,False,,False,False
rowena-mason-whitehall-editor,54,0,0,noindex,junk byline slug,True,,False,False
sara-atske,54,0,0,noindex,54w < 200; no quick facts; no faq,False,,False,False
stephen-o-presley,54,0,0,noindex,54w < 200; no quick facts; no faq,False,,False,False
stu-escalona,54,0,0,noindex,54w < 200; no quick facts; no faq,False,,False,False
ben-white,53,0,0,noindex,53w < 200; no quick facts; no faq,False,,False,False
case-thorp,53,0,0,noindex,53w < 200; no quick facts; no faq,False,,False,False
emmett-rensin,53,0,0,noindex,53w < 200; no quick facts; no faq,False,,False,False
eric-schmitt,53,0,0,noindex,53w < 200; no quick facts; no faq,False,,False,False
haley-isbell,53,0,0,noindex,53w < 200; no quick facts; no faq,False,,False,False
oleksandra-mykolyshyn,53,0,0,noindex,53w < 200; no quick facts; no faq,False,,False,False
bill-peacock,52,0,0,noindex,52w < 200; no quick facts; no faq,False,,False,False
christopher-cherry,52,0,0,noindex,52w < 200; no quick facts; no faq,False,,False,False
jonny-reid,52,0,0,noindex,52w < 200; no quick facts; no faq,False,,False,False
serhii-bosak,52,0,0,noindex,52w < 200; no quick facts; no faq,False,,False,False
yeganeh-torbati,52,0,0,noindex,52w < 200; no quick facts; no faq,False,,False,False
aaron-summers,51,0,0,noindex,51w < 200; no quick facts; no faq,False,,False,False
alaina-demopoulos,51,0,0,noindex,51w < 200; no quick facts; no faq,False,,False,False
carrie-blazina,51,3,2,noindex,51w < 200,False,,False,False
guardian-staff-and-agencies,51,0,0,noindex,junk byline slug,True,,False,False
henrik-schildt,51,3,2,noindex,51w < 200,False,,False,False
laurence-norman,51,0,0,noindex,51w < 200; no quick facts; no faq,False,,False,False
noah-paynefrank,51,0,0,noindex,51w < 200; no quick facts; no faq,False,,False,False
omar-abdelbaqui,51,0,0,noindex,51w < 200; no quick facts; no faq,False,,False,False
presented-by-annie-kelly-with-alaina-demopoulos-produced-by-hanna-adan,51,0,0,noindex,51w < 200; no quick facts; no faq,False,,False,False
scott-mcconnell,51,0,0,noindex,51w < 200; no quick facts; no faq,False,,False,False
shawn-thornton,51,3,2,noindex,51w < 200,False,,False,False
jason-mcconnell,50,3,2,noindex,50w < 200,False,,False,False
words-by-sam-wollaston,50,0,0,noindex,junk byline slug,True,,False,False
arwa-mahdawi,49,0,0,noindex,49w < 200; no quick facts; no faq,False,,False,False
carter-moore,49,3,2,noindex,49w < 200,False,,False,False
dwayne-mccrary,49,0,0,noindex,49w < 200; no quick facts; no faq,False,,False,False
fonie-mitsopoulou,49,0,0,noindex,49w < 200; no quick facts; no faq,False,,False,False
kat-wong,49,3,2,noindex,49w < 200,False,,False,False
adrienne-matei,48,0,0,noindex,48w < 200; no quick facts; no faq,False,,False,False
benjamin-vincent,48,0,0,noindex,48w < 200; no quick facts; no faq,False,,False,False
kathleen-allen,48,0,0,noindex,48w < 200; no quick facts; no faq,False,,False,False
mark-macdonald,48,0,0,noindex,48w < 200; no quick facts; no faq,False,,False,False
michael-r-gordon,48,0,0,noindex,48w < 200; no quick facts; no faq,False,,False,False
peter-daniel-joseph,48,3,2,noindex,48w < 200,False,,False,False
andr-paultre,47,0,0,noindex,47w < 200; no quick facts; no faq,False,,False,False
arlette-bashizi,47,0,0,noindex,47w < 200; no quick facts; no faq,False,,False,False
armando-yzaguirre,47,3,2,noindex,47w < 200,False,,False,False
dasl-yoon,47,0,0,noindex,47w < 200; no quick facts; no faq,False,,False,False
jessica-murray-social-affairs-correspondent,47,0,0,noindex,junk byline slug,True,,False,False
yan-zhuang,47,0,0,noindex,47w < 200; no quick facts; no faq,False,,False,False
zhang-san,47,3,2,noindex,47w < 200,False,,False,False
ayrian-yasar,46,3,2,noindex,46w < 200,False,,False,False
brian-g-najapfour,46,3,2,noindex,46w < 200,False,,False,False
david-smith,46,0,0,noindex,46w < 200; no quick facts; no faq,False,,False,False
derek-griz,46,3,2,noindex,46w < 200,False,,False,False
derrick-brite,46,3,2,noindex,46w < 200,False,,False,False
elvan-kivilcim,46,0,0,noindex,46w < 200; no quick facts; no faq,False,,False,False
frances-rankin,46,0,0,noindex,46w < 200; no quick facts; no faq,False,,False,False
josh-greene,46,3,2,noindex,46w < 200,False,,False,False
mackenzie-slagle,46,3,2,noindex,46w < 200,False,,False,False
candace-echols,45,3,2,noindex,45w < 200,False,,False,False
david-pierson,45,0,0,noindex,45w < 200; no quick facts; no faq,False,,False,False
graham-barnes,45,0,0,noindex,45w < 200; no quick facts; no faq,False,,False,False
kathryn-eckhardt,45,3,2,noindex,45w < 200,False,,False,False
mark-evans,45,3,2,noindex,45w < 200,False,,False,False
mary-hannah,45,3,2,noindex,45w < 200,False,,False,False
patrick-luscri,45,3,2,noindex,45w < 200,False,,False,False
ryan-swale,45,3,2,noindex,45w < 200,False,,False,False
skyler-flowers,45,3,2,noindex,45w < 200,False,,False,False
will-plonk,45,3,2,noindex,45w < 200,False,,False,False
amy-medina,44,3,2,noindex,44w < 200,False,,False,False
audrey-hendricks,44,3,2,noindex,44w < 200,False,,False,False
donald-maclean,44,3,2,noindex,44w < 200,False,,False,False
eileen-ruter,44,3,2,noindex,44w < 200,False,,False,False
isabel-choat,44,0,0,noindex,44w < 200; no quick facts; no faq,False,,False,False
jensen-holmes,44,3,2,noindex,44w < 200,False,,False,False
kyle-achterhoff,44,3,2,noindex,44w < 200,False,,False,False
stephen-mcalpine,44,3,2,noindex,44w < 200,False,,False,False
anna-jackson,43,3,2,noindex,43w < 200,False,,False,False
david-mitchell,43,0,0,noindex,43w < 200; no quick facts; no faq,False,,False,False
dustin-crowe,43,3,2,noindex,43w < 200,False,,False,False
jonathan-gemmell,43,3,2,noindex,43w < 200,False,,False,False
philip-ryan,43,0,0,noindex,43w < 200; no quick facts; no faq,False,,False,False
photography-by-christopher-thomond,43,0,0,noindex,43w < 200; no quick facts; no faq,False,,False,False
rick-reed,43,3,2,noindex,43w < 200,False,,False,False
wayne-blakely,43,0,0,noindex,43w < 200; no quick facts; no faq,False,,False,False
andrew-j-spencer,42,3,2,noindex,42w < 200,False,,False,False
brian-najapfour,42,3,2,noindex,42w < 200,False,,False,False
cstaubin,42,3,2,noindex,42w < 200,False,,False,False
gregory-zackary,42,3,2,noindex,42w < 200,False,,False,False
t-desmond-alexander,42,3,2,noindex,42w < 200,False,,False,False
william-wood,42,3,2,noindex,42w < 200,False,,False,False
abby-wongheffter,41,3,2,noindex,41w < 200,False,,False,False
byron-johnson-and-thomas-kidd,41,3,2,noindex,41w < 200,False,,False,False
curtis-solomon,41,3,2,noindex,41w < 200,False,,False,False
jenny-solomon,41,3,2,noindex,41w < 200,False,,False,False
kevin-humphreys,41,0,0,noindex,41w < 200; no quick facts; no faq,False,,False,False
robert-lattus,41,0,0,noindex,41w < 200; no quick facts; no faq,False,,False,False
rut-etheridge-iii,41,3,2,noindex,41w < 200,False,,False,False
doug-ponder,40,3,2,noindex,40w < 200,False,,False,False
justin-jackson,40,0,0,noindex,40w < 200; no quick facts; no faq,False,,False,False
seth-rubenstein,40,3,2,noindex,40w < 200,False,,False,False
stephen-walker,40,3,2,noindex,40w < 200,False,,False,False
zachary-k-perkins,40,0,0,noindex,40w < 200; no quick facts; no faq,False,,False,False
clif-daniell,39,3,2,noindex,39w < 200,False,,False,False
intercessor-todd,39,3,2,noindex,39w < 200,False,,False,False
matt-ecton,39,3,2,noindex,39w < 200,False,,False,False
noah-lewis,39,3,2,noindex,39w < 200,False,,False,False
sam-chan,39,3,2,noindex,39w < 200,False,,False,False
tom-hervey,39,3,2,noindex,39w < 200,False,,False,False
don-and-joy-veinot,38,3,2,noindex,38w < 200,False,,False,False
emily-tomasik,38,3,2,noindex,38w < 200,False,,False,False
jeffrey-diamant,38,3,2,noindex,38w < 200,False,,False,False
robby-gallaty,38,3,2,noindex,38w < 200,False,,False,False
tucker-anderson,38,3,2,noindex,38w < 200,False,,False,False
walter-r-strickland-ii,38,3,2,noindex,38w < 200,False,,False,False
bob-bush,37,3,2,noindex,37w < 200,False,,False,False
dwayne-ewers,37,3,2,noindex,37w < 200,False,,False,False
jennifer-spencer,37,3,2,noindex,37w < 200,False,,False,False
jonathan-hayashi,37,3,2,noindex,37w < 200,False,,False,False
johnnie-each,36,0,0,noindex,36w < 200; no quick facts; no faq,False,,False,False
levi-berntson,36,3,2,noindex,36w < 200,False,,False,False
carl-r-trueman,35,3,2,noindex,35w < 200,False,,False,False
cornelis-p-venema,35,3,2,noindex,35w < 200,False,,False,False
j-t-english,35,3,2,noindex,35w < 200,False,,False,False
pastor-rich-bitterman,35,3,2,noindex,35w < 200,False,,False,False
ray-van-neste,35,3,2,noindex,35w < 200,False,,False,False
stanley-d-gale,35,3,2,noindex,35w < 200,False,,False,False
vanessa-k-hawkins,35,3,2,noindex,35w < 200,False,,False,False
ben-zornes,32,3,2,noindex,32w < 200,False,,False,False
bill-haynes,32,3,2,noindex,32w < 200,False,,False,False
cooper-cobbs,32,3,2,noindex,32w < 200,False,,False,False
jacob-valk,32,3,2,noindex,32w < 200,False,,False,False
marcus-mininger,32,3,2,noindex,32w < 200,False,,False,False
matt-martens,32,3,2,noindex,32w < 200,False,,False,False
michael-gryboski,32,3,2,noindex,32w < 200,False,,False,False
patrick-schreiner,32,3,2,noindex,32w < 200,False,,False,False
paul-sadler,32,3,2,noindex,32w < 200,False,,False,False
rich-leino,32,3,2,noindex,32w < 200,False,,False,False
ryan-biese,32,3,2,noindex,32w < 200,False,,False,False
ryan-curia,32,3,2,noindex,32w < 200,False,,False,False
stephen-brucker,32,3,2,noindex,32w < 200,False,,False,False
wes-lauver,32,3,2,noindex,32w < 200,False,,False,False
jli1,29,3,2,noindex,29w < 200,False,,False,False
mbonkoski,29,3,2,noindex,29w < 200,False,,False,False
david-kent,24,0,0,noindex,24w < 200; no quick facts; no faq,False,,False,False
earle-martin-combs-v,24,3,2,noindex,24w < 200,False,,False,False
marissa-sullivan,22,3,2,noindex,22w < 200,False,,False,False
janakee-chavda,21,3,2,noindex,21w < 200,False,,False,False
michael-thomas-jones,21,3,2,noindex,21w < 200,False,,False,False
bob-bunn,19,3,2,noindex,19w < 200,False,,False,False
ella-nichter,19,3,2,noindex,19w < 200,False,,False,False
joshua-baru,19,3,2,noindex,19w < 200,False,,False,False
nformankatz,19,3,2,noindex,19w < 200,False,,False,False
robert-ordway,19,3,2,noindex,19w < 200,False,,False,False
zephram-foster,19,3,2,noindex,19w < 200,False,,False,False
jonathan-tomes,18,3,2,noindex,18w < 200,False,,False,False
lauren-ducommun,17,3,2,noindex,17w < 200,False,,False,False
aaron-coleman,12,0,0,noindex,12w < 200; no quick facts; no faq,False,,False,False
aaron-roberts,12,3,2,noindex,12w < 200,False,,False,False
caleb-woodbridge,12,3,2,noindex,12w < 200,False,,False,False
darryl-williamson,12,3,2,noindex,12w < 200,False,,False,False
gracie-maccaughelty,12,3,2,noindex,12w < 200,False,,False,False
john-simons,12,3,2,noindex,12w < 200,False,,False,False
jon-watts,12,0,0,noindex,12w < 200; no quick facts; no faq,False,,False,False
justin-estrada,12,3,2,noindex,12w < 200,False,,False,False
ravi-holy,12,0,0,noindex,12w < 200; no quick facts; no faq,False,,False,False
stephanie-granada,12,3,2,noindex,12w < 200,False,,False,False
tim-mascara,12,0,0,noindex,12w < 200; no quick facts; no faq,False,,False,False
travis-mitchell,12,3,2,noindex,12w < 200,False,,False,False
veronica-clarke,12,0,0,noindex,12w < 200; no quick facts; no faq,False,,False,False
zac-fuller,12,3,2,noindex,12w < 200,False,,False,False
